season,league,matches,n_columns,played,results,halves,shots,fouls,corners,cards,referee,odds_1x2,odds_ou,odds_closing
2025/26,Premier League,380,132,380,100%,100%,100%,100%,100%,100%,100%,100%,100%,100%
2025/26,La Liga,380,131,380,100%,100%,100%,100%,100%,100%,missing,100%,100%,100%
2025/26,Bundesliga,306,131,306,100%,100%,100%,100%,100%,100%,missing,100%,100%,100%
2025/26,Serie A,380,131,380,100%,100%,100%,100%,100%,100%,missing,100%,100%,100%
2025/26,Ligue 1,306,131,306,100%,100%,100%,100%,100%,100%,missing,100%,100%,100%
2026/27,Premier League,50,114,50,100%,100%,100%,100%,100%,100%,100%,100%,100%,100%
2026/27,La Liga,69,113,69,100%,100%,100%,100%,100%,100%,missing,100%,100%,100%
2026/27,Bundesliga,36,113,36,100%,100%,100%,100%,100%,100%,missing,100%,100%,100%
2026/27,Serie A,50,113,50,100%,100%,100%,100%,100%,100%,missing,100%,100%,100%
2026/27,Ligue 1,45,113,45,100%,100%,100%,100%,100%,100%,missing,100%,100%,100%
