market,line,selection,n,base_rate,mean_pred,actual,model_ll,base_ll,family
1x2_h1,,home,500,0.3366181091116824,0.3263208,0.36,0.6276679034599283,0.6546290796589257,B
1x2_h1,,draw,500,0.39974293059125965,0.4127732000000001,0.404,0.6769411049799211,0.6746379500873192,B
1x2_h1,,away,500,0.26378177663524704,0.26090600000000025,0.236,0.50439389548215,0.5484601472989801,B
double_chance_h1,,1x,500,0.736218223364753,0.7390940000000001,0.764,0.50439389548215,0.5484601472989801,B
double_chance_h1,,12,500,0.6002570694087404,0.5872267999999997,0.596,0.6769411049799211,0.6746379500873192,B
double_chance_h1,,x2,500,0.6633818908883177,0.6736791999999997,0.64,0.6276679034599283,0.6546290796589257,B
draw_no_bet_h1,,home,298,0.5606565176022835,0.550025005658156,0.6040268456375839,0.5888501992547175,0.6751957447753189,B
draw_no_bet_h1,,away,298,0.4393434823977165,0.44997499434184457,0.3959731543624161,0.5888501992547176,0.6751957447753189,B
ou_total_h1,0.5,over,500,0.7236503856041131,0.6986953333333331,0.712,0.6050509347270717,0.6006876768421636,B
ou_total_h1,0.5,under,500,0.2763496143958869,0.30130466666666667,0.288,0.6050509347270717,0.6006876768421636,B
ou_total_h1,1.0,over,311,0.5692341941228851,0.5371373297693115,0.5369774919614148,0.6899374078913613,0.6925203864035854,B
ou_total_h1,1.0,under,311,0.4307658058771149,0.462862670230689,0.4630225080385852,0.6899374078913613,0.6925203864035854,B
ou_total_h1,1.5,over,500,0.36518137674950013,0.34328693333333293,0.334,0.6307412835122469,0.6390996412339831,B
ou_total_h1,1.5,under,500,0.6348186232504999,0.6567130666666664,0.666,0.6307412835122469,0.6390996412339831,B
ou_total_h1,2.0,over,393,0.1740988480118915,0.16017355298104408,0.15267175572519084,0.41719091119324075,0.4289674910807673,B
ou_total_h1,2.0,under,393,0.8259011519881085,0.8398264470189563,0.8473282442748091,0.4171909111932407,0.4289674910807673,B
ou_total_h1,2.5,over,500,0.13381890888317624,0.12472466666666662,0.12,0.36038690254592437,0.36777406483322567,B
ou_total_h1,2.5,under,500,0.8661810911168237,0.8752753333333333,0.88,0.36038690254592437,0.3677740648332256,B
handicap_3way_h1,-2.0,home,500,0.02213653241930877,0.021831333333333338,0.016,0.07420320990614493,0.08299547458877696,B
handicap_3way_h1,-2.0,draw,500,0.08040559840045701,0.0759234666666667,0.07,0.24741326079734344,0.2544019969343241,B
handicap_3way_h1,-2.0,away,500,0.8976006855184233,0.9022451999999997,0.914,0.27981542385498126,0.2947226746067887,B
handicap_3way_h1,-1.0,home,500,0.10239931448157669,0.0977548000000001,0.086,0.27981542385498126,0.2947226746067887,B
handicap_3way_h1,-1.0,draw,500,0.23436161096829478,0.22856599999999974,0.274,0.5795015479346368,0.5914187489771338,B
handicap_3way_h1,-1.0,away,500,0.6633818908883177,0.6736791999999997,0.64,0.6276679034599283,0.6546290796589257,B
handicap_3way_h1,1.0,home,500,0.736218223364753,0.7390940000000001,0.764,0.50439389548215,0.5484601472989801,B
handicap_3way_h1,1.0,draw,500,0.19751499571550984,0.19303800000000002,0.162,0.4282691202764428,0.44714969323289544,B
handicap_3way_h1,1.0,away,500,0.0664095972579263,0.06786800000000008,0.074,0.2397664679601964,0.26431399803576117,B
asian_handicap_h1,-1.5,home,500,0.10239931448157669,0.0977548000000001,0.086,0.27981542385498126,0.2947226746067887,B
asian_handicap_h1,-1.5,away,500,0.8976006855184233,0.9022451999999997,0.914,0.27981542385498126,0.2947226746067887,B
asian_handicap_h1,-1.0,home,363,0.13371876165609847,0.12500012980815683,0.1184573002754821,0.33748543270468445,0.36487967542090827,B
asian_handicap_h1,-1.0,away,363,0.8662812383439016,0.8749998701918433,0.8815426997245179,0.3374854327046844,0.36487967542090827,B
asian_handicap_h1,-0.5,home,500,0.3366181091116824,0.3263208,0.36,0.6276679034599283,0.6546290796589257,B
asian_handicap_h1,-0.5,away,500,0.6633818908883177,0.6736791999999997,0.64,0.6276679034599283,0.6546290796589257,B
asian_handicap_h1,0.0,home,298,0.5606565176022835,0.550025005658156,0.6040268456375839,0.5888501992547175,0.6751957447753189,B
asian_handicap_h1,0.0,away,298,0.4393434823977165,0.44997499434184457,0.3959731543624161,0.5888501992547176,0.6751957447753189,B
asian_handicap_h1,0.5,home,500,0.736218223364753,0.7390940000000001,0.764,0.50439389548215,0.5484601472989801,B
asian_handicap_h1,0.5,away,500,0.26378177663524704,0.26090600000000025,0.236,0.50439389548215,0.5484601472989801,B
asian_handicap_h1,1.0,home,419,0.9172597864768683,0.9163076361445891,0.9116945107398569,0.26264524371842435,0.2987997365606762,B
asian_handicap_h1,1.0,away,419,0.08274021352313167,0.08369236385541083,0.0883054892601432,0.26264524371842424,0.2987997365606762,B
asian_handicap_h1,1.5,home,500,0.9335904027420737,0.9321320000000001,0.926,0.23976646796019643,0.2643139980357613,B
asian_handicap_h1,1.5,away,500,0.0664095972579263,0.06786800000000008,0.074,0.2397664679601964,0.26431399803576117,B
ou_home_h1,0.5,over,500,0.49942873464724363,0.4752786666666665,0.51,0.6782000640707155,0.6931706838726317,B
ou_home_h1,0.5,under,500,0.5005712653527563,0.5247213333333337,0.49,0.6782000640707155,0.6931706838726317,B
ou_home_h1,1.5,over,500,0.1532419308768923,0.1437669333333334,0.14,0.38757911272353923,0.4056558519579767,B
ou_home_h1,1.5,under,500,0.8467580691231077,0.8562330666666673,0.86,0.38757911272353923,0.4056558519579767,B
ou_away_h1,0.5,over,500,0.43630391316766637,0.4174211999999997,0.396,0.6518629054589143,0.6746858026583975,B
ou_away_h1,0.5,under,500,0.5636960868323336,0.5825788000000002,0.604,0.6518629054589143,0.6746858026583975,B
ou_away_h1,1.5,over,500,0.11439588688946016,0.11121960000000006,0.112,0.32440766325463427,0.3507050021082644,B
ou_away_h1,1.5,under,500,0.8856041131105399,0.8887803999999995,0.888,0.32440766325463427,0.35070500210826444,B
btts_h1,,yes,500,0.2120822622107969,0.19400453333333337,0.194,0.49069128353869507,0.49297096387709466,B
btts_h1,,no,500,0.787917737789203,0.8059954666666665,0.806,0.49069128353869507,0.49297096387709466,B
clean_sheet_home_h1,,yes,500,0.5636960868323336,0.5825788000000002,0.604,0.6518629054589143,0.6746858026583975,B
clean_sheet_home_h1,,no,500,0.43630391316766637,0.4174211999999997,0.396,0.6518629054589143,0.6746858026583975,B
clean_sheet_away_h1,,yes,500,0.5005712653527563,0.5247213333333337,0.49,0.6782000640707155,0.6931706838726317,B
clean_sheet_away_h1,,no,500,0.49942873464724363,0.4752786666666665,0.51,0.6782000640707155,0.6931706838726317,B
win_to_nil_home_h1,,yes,500,0.2874892887746358,0.2812741333333333,0.316,0.6088977845283255,0.625764885795486,B
win_to_nil_home_h1,,no,500,0.7125107112253641,0.7187258666666666,0.684,0.6088977845283255,0.625764885795486,B
win_to_nil_away_h1,,yes,500,0.22436446729505855,0.2234166666666664,0.202,0.4720351409953745,0.5046355492751695,B
win_to_nil_away_h1,,no,500,0.7756355327049415,0.776583333333333,0.798,0.4720351409953745,0.5046355492751695,B
odd_even_h1,,odd,500,0.4640102827763496,0.4509666666666667,0.464,0.6926618882372105,0.6905529366277756,B
odd_even_h1,,even,500,0.5359897172236504,0.5490333333333333,0.536,0.6926618882372106,0.6905529366277756,B
odd_even_home_h1,,odd,500,0.37260782633533274,0.358186133333333,0.388,0.6650320855289492,0.6683490567683785,B
odd_even_home_h1,,even,500,0.6273921736646673,0.6418138666666665,0.612,0.6650320855289492,0.6683490567683785,B
odd_even_away_h1,,odd,500,0.3411882319337332,0.3241050666666666,0.304,0.6123725039760436,0.6173504929713183,B
odd_even_away_h1,,even,500,0.6588117680662667,0.6758949333333333,0.696,0.6123725039760436,0.6173504929713183,B
exact_goals_h1,,0,500,0.2763496143958869,0.30130466666666667,0.288,0.6050509347270717,0.6006876768421636,B
exact_goals_h1,,1,500,0.35861182519280205,0.3554083999999999,0.378,0.661972959068371,0.6638874790924693,B
exact_goals_h1,,2,500,0.231505284204513,0.21856226666666662,0.214,0.5190623121620137,0.5200854234044918,B
exact_goals_h1,,3+,500,0.13381890888317624,0.12472466666666662,0.12,0.36038690254592437,0.36777406483322567,B
correct_score_h1,,0:0,500,0.2763496143958869,0.30130466666666667,0.288,0.6050509347270717,0.6006876768421636,B
correct_score_h1,,1:1,500,0.11296772350756927,0.10189053333333344,0.1,0.32666077516308506,0.3259518314344718,B
correct_score_h1,,2:2,500,0.00985432733504713,0.009173866666666674,0.016,0.08262460078189571,0.08366226488164463,B
correct_score_h1,,1:0,500,0.1958011996572408,0.19379160000000017,0.238,0.5422187885612938,0.5541424779347646,B
correct_score_h1,,2:0,500,0.07212225078548987,0.06762280000000001,0.064,0.23452162270202925,0.23834568305681011,B
correct_score_h1,,2:1,500,0.03670379891459583,0.03280026666666671,0.036,0.15207097580533796,0.1550236374876339,B
correct_score_h1,,0:1,500,0.16295344187375035,0.16161680000000006,0.14,0.39295823800506335,0.4069737083641893,B
correct_score_h1,,0:2,500,0.04670094258783205,0.04904893333333336,0.05,0.1813827962682433,0.19863483386472172,B
correct_score_h1,,1:2,500,0.0332762067980577,0.03001413333333333,0.02,0.09651421112629126,0.10122386082486093,B
correct_score_h1,,other,500,0.054413024850042846,0.05273639999999994,0.048,0.1902719754417923,0.19299911794007582,B
multigoals_h1,,1-2,500,0.589974293059126,0.5739706666666671,0.592,0.6787554352173084,0.6761308298863331,B
multigoals_h1,,1-3,500,0.6870894030277064,0.6628122666666668,0.67,0.638313539410922,0.6348513375094685,B
multigoals_h1,,2-3,500,0.3286203941730934,0.30740386666666664,0.292,0.6016354638323217,0.6070345512592025,B
multigoals_h1,,4+,500,0.03670379891459583,0.035883066666666685,0.042,0.17117604201107822,0.17462852159011358,B
multigoals_h1,,no_goal,500,0.2763496143958869,0.30130466666666667,0.288,0.6050509347270717,0.6006876768421636,B
1x2_h2,,home,500,0.3703227649243073,0.3668753333333332,0.376,0.6124928602458716,0.6621408984887193,B
1x2_h2,,draw,500,0.3277634961439589,0.3401512000000003,0.37,0.6544120587878283,0.6629226901088744,B
1x2_h2,,away,500,0.30205655526992287,0.29297346666666646,0.254,0.5536837903366331,0.5723482509150554,B
double_chance_h2,,1x,500,0.6979434447300771,0.7070265333333348,0.746,0.5536837903366331,0.5723482509150554,B
double_chance_h2,,12,500,0.6722365038560412,0.6598488000000002,0.63,0.6544120587878283,0.6629226901088744,B
double_chance_h2,,x2,500,0.6296772350756926,0.6331246666666659,0.624,0.6124928602458717,0.6621408984887193,B
draw_no_bet_h2,,home,315,0.5507646559048428,0.5708519781744861,0.5968253968253968,0.6112676226424638,0.6785988198110308,B
draw_no_bet_h2,,away,315,0.4492353440951572,0.42914802182551387,0.4031746031746032,0.6112676226424637,0.6785988198110308,B
ou_total_h2,0.5,over,500,0.8087689231648101,0.7922333333333323,0.79,0.5021235671560086,0.5150684866895578,B
ou_total_h2,0.5,under,500,0.19123107683518994,0.20776666666666666,0.21,0.5021235671560086,0.5150684866895578,B
ou_total_h2,1.0,over,348,0.7136441402908469,0.6899176285644149,0.6982758620689655,0.5899722172095834,0.6128899788156443,B
ou_total_h2,1.0,under,348,0.2863558597091531,0.3100823714355852,0.3017241379310345,0.5899722172095833,0.6128899788156443,B
ou_total_h2,1.5,over,500,0.47657812053698945,0.46621319999999994,0.486,0.6812185188567682,0.6929329690805717,B
ou_total_h2,1.5,under,500,0.5234218794630106,0.5337868,0.514,0.6812185188567682,0.6929329690805717,B
ou_total_h2,2.0,over,357,0.28751944012441677,0.27584426662706657,0.2801120448179272,0.5731136149857228,0.593193730479042,B
ou_total_h2,2.0,under,357,0.7124805598755832,0.7241557333729327,0.7198879551820728,0.5731136149857228,0.593193730479042,B
ou_total_h2,2.5,over,500,0.21122536418166238,0.20341146666666665,0.2,0.4894262062906253,0.5007856330514984,B
ou_total_h2,2.5,under,500,0.7887746358183376,0.7965885333333338,0.8,0.4894262062906253,0.5007856330514984,B
handicap_3way_h2,-2.0,home,500,0.03784632962010854,0.040292933333333364,0.038,0.16022737383387886,0.16153542720297967,B
handicap_3way_h2,-2.0,draw,500,0.09554413024850043,0.09931800000000005,0.098,0.29895163437363415,0.3207008020842204,B
handicap_3way_h2,-2.0,away,500,0.8667523564695802,0.8603890666666667,0.864,0.3692861768177132,0.3976679494771893,B
handicap_3way_h2,-1.0,home,500,0.13324764353041987,0.13961093333333335,0.136,0.3692861768177132,0.3976679494771893,B
handicap_3way_h2,-1.0,draw,500,0.23721793773207656,0.22726440000000026,0.24,0.5398869965217832,0.5511012581491895,B
handicap_3way_h2,-1.0,away,500,0.6296772350756926,0.6331246666666659,0.624,0.6124928602458717,0.6621408984887193,B
handicap_3way_h2,1.0,home,500,0.6979434447300771,0.7070265333333348,0.746,0.5536837903366331,0.5723482509150554,B
handicap_3way_h2,1.0,draw,500,0.2035132819194516,0.19532786666666652,0.162,0.4388577485386931,0.448590452882315,B
handicap_3way_h2,1.0,away,500,0.09868608968866038,0.09764559999999992,0.092,0.3011417946520393,0.30739736292949765,B
asian_handicap_h2,-1.5,home,500,0.13324764353041987,0.13961093333333335,0.136,0.3692861768177132,0.3976679494771893,B
asian_handicap_h2,-1.5,away,500,0.8667523564695802,0.8603890666666667,0.864,0.3692861768177132,0.3976679494771893,B
asian_handicap_h2,-1.0,home,380,0.17465368775739423,0.17627987922226016,0.17894736842105263,0.4159076371094367,0.4698571108033367,B
asian_handicap_h2,-1.0,away,380,0.8253463122426058,0.8237201207777404,0.8210526315789474,0.4159076371094367,0.46985711080333675,B
asian_handicap_h2,-0.5,home,500,0.3703227649243073,0.3668753333333332,0.376,0.6124928602458716,0.6621408984887193,B
asian_handicap_h2,-0.5,away,500,0.6296772350756926,0.6331246666666659,0.624,0.6124928602458717,0.6621408984887193,B
asian_handicap_h2,0.0,home,315,0.5507646559048428,0.5708519781744861,0.5968253968253968,0.6112676226424638,0.6785988198110308,B
asian_handicap_h2,0.0,away,315,0.4492353440951572,0.42914802182551387,0.4031746031746032,0.6112676226424637,0.6785988198110308,B
asian_handicap_h2,0.5,home,500,0.6979434447300771,0.7070265333333348,0.746,0.5536837903366331,0.5723482509150554,B
asian_handicap_h2,0.5,away,500,0.30205655526992287,0.29297346666666646,0.254,0.5536837903366331,0.5723482509150554,B
asian_handicap_h2,1.0,home,419,0.8761204732879169,0.8779522887980834,0.8902147971360382,0.3364462914568759,0.3470128341180306,B
asian_handicap_h2,1.0,away,419,0.12387952671208319,0.12204771120191571,0.10978520286396182,0.33644629145687577,0.3470128341180306,B
asian_handicap_h2,1.5,home,500,0.9013139103113397,0.9023543999999997,0.908,0.3011417946520392,0.30739736292949765,B
asian_handicap_h2,1.5,away,500,0.09868608968866038,0.09764559999999992,0.092,0.3011417946520393,0.30739736292949765,B
ou_home_h2,0.5,over,500,0.5676949443016281,0.5563975999999998,0.576,0.6561074491007615,0.6816910268864607,B
ou_home_h2,0.5,under,500,0.4323050556983719,0.44360240000000006,0.424,0.6561074491007616,0.6816910268864607,B
ou_home_h2,1.5,over,500,0.21493858897457868,0.2132878666666665,0.232,0.5195957007566808,0.5425283586911701,B
ou_home_h2,1.5,under,500,0.7850614110254213,0.7867121333333331,0.768,0.5195957007566807,0.5425283586911701,B
ou_away_h2,0.5,over,500,0.5148528991716652,0.4988829333333338,0.498,0.6631599401378125,0.6937074507379133,B
ou_away_h2,0.5,under,500,0.4851471008283348,0.5011170666666663,0.502,0.6631599401378127,0.6937074507379133,B
ou_away_h2,1.5,over,500,0.16780919737217936,0.16312826666666652,0.152,0.4094310580772411,0.4270811237373912,B
ou_away_h2,1.5,under,500,0.8321908026278206,0.8368717333333333,0.848,0.4094310580772411,0.4270811237373912,B
btts_h2,,yes,500,0.2737789203084833,0.2630472,0.284,0.5893597756978498,0.5969523256160628,B
btts_h2,,no,500,0.7262210796915167,0.7369528000000004,0.716,0.5893597756978499,0.5969523256160628,B
clean_sheet_home_h2,,yes,500,0.4851471008283348,0.5011170666666663,0.502,0.6631599401378127,0.6937074507379133,B
clean_sheet_home_h2,,no,500,0.5148528991716652,0.4988829333333338,0.498,0.6631599401378125,0.6937074507379133,B
clean_sheet_away_h2,,yes,500,0.4323050556983719,0.44360240000000006,0.424,0.6561074491007616,0.6816910268864607,B
clean_sheet_away_h2,,no,500,0.5676949443016281,0.5563975999999998,0.576,0.6561074491007615,0.6816910268864607,B
win_to_nil_home_h2,,yes,500,0.2940588403313339,0.29335039999999996,0.292,0.5630486726895639,0.6039429740411726,B
win_to_nil_home_h2,,no,500,0.7059411596686661,0.7066495999999995,0.708,0.5630486726895639,0.6039429740411726,B
win_to_nil_away_h2,,yes,500,0.24121679520137104,0.23583573333333352,0.214,0.506914642499616,0.5212874571272988,B
win_to_nil_away_h2,,no,500,0.7587832047986289,0.7641642666666667,0.786,0.5069146424996159,0.5212874571272988,B
odd_even_h2,,odd,500,0.49143101970865466,0.47410093333333314,0.444,0.6881382152288058,0.6913744174380846,B
odd_even_h2,,even,500,0.5085689802913453,0.5258990666666669,0.556,0.6881382152288058,0.6913744174380846,B
odd_even_home_h2,,odd,500,0.39574407312196513,0.39384573333333367,0.392,0.6671392533321092,0.6696636522905199,B
odd_even_home_h2,,even,500,0.6042559268780349,0.6061542666666662,0.608,0.6671392533321092,0.6696636522905199,B
odd_even_away_h2,,odd,500,0.3814624393030563,0.36812000000000006,0.368,0.6476732889920589,0.6582685146425009,B
odd_even_away_h2,,even,500,0.6185375606969438,0.63188,0.632,0.6476732889920588,0.6582685146425009,B
exact_goals_h2,,0,500,0.19123107683518994,0.20776666666666666,0.21,0.5021235671560086,0.5150684866895578,B
exact_goals_h2,,1,500,0.3323336189660097,0.32602013333333335,0.304,0.6155177618473258,0.6160520404316526,B
exact_goals_h2,,2,500,0.26549557269351615,0.26280173333333323,0.286,0.598441979183685,0.5995922431429809,B
exact_goals_h2,,3+,500,0.21122536418166238,0.20341146666666665,0.2,0.4894262062906253,0.5007856330514984,B
correct_score_h2,,0:0,500,0.19123107683518994,0.20776666666666666,0.21,0.5021235671560086,0.5150684866895578,B
correct_score_h2,,1:1,500,0.12010854041702371,0.11627826666666682,0.134,0.3927010682050109,0.39480468511961564,B
correct_score_h2,,2:2,500,0.01613824621536704,0.015201466666666665,0.024,0.11235152395676229,0.11491692744655659,B
correct_score_h2,,1:0,500,0.1775207083690374,0.17453373333333352,0.172,0.44861694344973313,0.45914857219924327,B
correct_score_h2,,2:0,500,0.08269065981148244,0.08244453333333328,0.084,0.26929409577309926,0.2884429246303407,B
correct_score_h2,,2:1,500,0.056698086261068266,0.04850679999999999,0.064,0.23889941065262546,0.23831422447941833,B
correct_score_h2,,0:1,500,0.15495572693516138,0.15148639999999997,0.132,0.3839288728946512,0.392271202962601,B
correct_score_h2,,0:2,500,0.06298200514138817,0.0640789333333333,0.068,0.24761577434705814,0.2486428256748015,B
correct_score_h2,,1:2,500,0.044130248500428446,0.039802799999999965,0.028,0.12916215783296156,0.1312469521876508,B
correct_score_h2,,other,500,0.0946872322193659,0.09990040000000001,0.084,0.28750616123935346,0.2891217057827034,B
multigoals_h2,,1-2,500,0.5976863753213367,0.5888218666666668,0.59,0.6765907799633951,0.6769811467603926,B
multigoals_h2,,1-3,500,0.742787774921451,0.7208725333333338,0.72,0.590318072597301,0.5942873853487334,B
multigoals_h2,,2-3,500,0.4105969722936304,0.39485239999999977,0.416,0.6755550774247945,0.6790282715948224,B
multigoals_h2,,4+,500,0.06612396458154812,0.07136080000000003,0.07,0.24614088480477425,0.25375844709659073,B
multigoals_h2,,no_goal,500,0.19123107683518994,0.20776666666666666,0.21,0.5021235671560086,0.5150684866895578,B
ht_ft,,home/home,500,0.2517852042273636,0.2533758666666669,0.272,0.5595203968978899,0.5863041185732057,B
ht_ft,,home/draw,500,0.05869751499571551,0.05004280000000005,0.05,0.19771653967337977,0.1992340977897144,B
ht_ft,,home/away,500,0.026421022564981436,0.02290213333333332,0.038,0.17003960596470194,0.16383545011063336,B
ht_ft,,draw/home,500,0.1421022564981434,0.14731426666666658,0.15,0.4017873991900754,0.4229610663181857,B
ht_ft,,draw/draw,500,0.14667237932019422,0.14981213333333335,0.166,0.44255660021512544,0.4509281244155068,B
ht_ft,,draw/away,500,0.1112539274493002,0.11564680000000006,0.088,0.2940018789024021,0.3008073947508587,B
ht_ft,,away/home,500,0.032133676092544985,0.025690266666666687,0.028,0.12664604512613328,0.12800659966058628,B
ht_ft,,away/draw,500,0.05184233076263925,0.04807199999999997,0.044,0.1782611394338453,0.1811122797514418,B
ht_ft,,away/away,500,0.180091402456441,0.18714373333333323,0.164,0.40677984398990974,0.44714186143622303,B
both_halves_over_15,,yes,500,0.18237646386746645,0.17217186666666676,0.18,0.4564355812401208,0.47141248812235015,B
both_halves_over_15,,no,500,0.8176235361325336,0.8278281333333336,0.82,0.4564355812401208,0.47141248812235015,B
both_halves_under_15,,yes,500,0.34061696658097684,0.3626717333333334,0.36,0.6453142672643677,0.6542472459140557,B
both_halves_under_15,,no,500,0.6593830334190232,0.6373282666666663,0.64,0.6453142672643677,0.6542472459140557,B
gg_ng_each_half,,no/no,500,0.5734075978291917,0.5973929333333333,0.612,0.6606133801577653,0.6709163847016716,B
gg_ng_each_half,,yes/no,500,0.15295629820051415,0.13955986666666667,0.104,0.3405234677181513,0.34400939398054803,B
gg_ng_each_half,,yes/yes,500,0.05926878034847186,0.05444466666666667,0.09,0.31041430021983757,0.3099095420308207,B
gg_ng_each_half,,no/yes,500,0.21465295629820053,0.20860253333333328,0.194,0.4884146542788234,0.4932675754772367,B
home_scores_both_halves,,yes,500,0.2912025135675521,0.2761193333333335,0.32,0.6099883594767844,0.6288417155313241,B
home_scores_both_halves,,no,500,0.7087974864324479,0.7238806666666663,0.68,0.6099883594767844,0.6288417155313241,B
away_scores_both_halves,,yes,500,0.23321908026278207,0.22009546666666663,0.204,0.4794619444752132,0.5083596140122686,B
away_scores_both_halves,,no,500,0.766780919737218,0.7799045333333342,0.796,0.47946194447521323,0.5083596140122686,B
btts_both_halves,,yes,500,0.05926878034847186,0.05444466666666667,0.09,0.31041430021983757,0.3099095420308207,B
btts_both_halves,,no,500,0.9407312196515282,0.9455553333333331,0.91,0.31041430021983757,0.3099095420308208,B
highest_scoring_half,,1st,500,0.2880605541273922,0.28011746666666637,0.28,0.5928595194583564,0.5931126195623588,B
highest_scoring_half,,2nd,500,0.4477292202227935,0.44950386666666686,0.46,0.6878459052365457,0.6902477356358455,B
highest_scoring_half,,equal,500,0.2643530419880034,0.27037866666666666,0.26,0.5706659298228589,0.5731058095669728,B
highest_scoring_half_home,,1st,500,0.2734932876321051,0.2564054666666665,0.266,0.5766509966940295,0.5793817477851761,B
highest_scoring_half_home,,2nd,500,0.36261068266209656,0.36168426666666625,0.362,0.6471288804300965,0.6545610565040381,B
highest_scoring_half_home,,equal,500,0.36403884604398745,0.38191026666666683,0.372,0.6412764968676098,0.66014800334466,B
highest_scoring_half_away,,1st,500,0.24892887746358183,0.24056533333333352,0.238,0.5449440467364836,0.5490862124057615,B
highest_scoring_half_away,,2nd,500,0.3417594972864896,0.33608573333333347,0.336,0.6316998880717735,0.6384205120109804,B
highest_scoring_half_away,,equal,500,0.40945444158811767,0.42334893333333307,0.426,0.6648811271553714,0.6827187003675219,B
home_wins_either_half,,yes,500,0.5751213938874608,0.5612542666666666,0.598,0.6151026304489633,0.6748907530975856,B
home_wins_either_half,,no,500,0.42487860611253925,0.43874573333333344,0.402,0.6151026304489633,0.6748907530975856,B
away_wins_either_half,,yes,500,0.4782919165952585,0.46618373333333357,0.428,0.6306371606138458,0.6878346910317858,B
away_wins_either_half,,no,500,0.5217080834047415,0.5338162666666667,0.572,0.6306371606138458,0.6878346910317858,B
home_wins_both_halves,,yes,500,0.13181948014852898,0.13194186666666677,0.138,0.3615467420842008,0.4014809567138145,B
home_wins_both_halves,,no,500,0.868180519851471,0.8680581333333334,0.862,0.3615467420842008,0.4014809567138145,B
away_wins_both_halves,,yes,500,0.08754641530991146,0.08769573333333337,0.062,0.21369686485604833,0.23694408340156783,B
away_wins_both_halves,,no,500,0.9124535846900885,0.9123042666666671,0.938,0.21369686485604833,0.23694408340156783,B
ht_or_ft_result,,home,500,0.5105684090259925,0.49932533333333273,0.538,0.6160967212334589,0.6917639755496163,B
ht_or_ft_result,,draw,500,0.5099971436732362,0.5108879999999999,0.498,0.6937369722887308,0.6934270940976356,B
ht_or_ft_result,,away,500,0.40117109397315054,0.3994549333333332,0.362,0.5950582463230092,0.6577921814079235,B
x12_1up,,home,500,0.5971151099685804,0.5796110666666667,0.618,0.6055351330131252,0.665946715933488,C
x12_1up,,draw,500,0.2569265924021708,0.24792693333333335,0.26,0.5623101056625666,0.5730815913326467,C
x12_1up,,away,500,0.5062839188803199,0.4890302666666671,0.462,0.6238130850127893,0.694181368034374,C
x12_2up,,home,500,0.4471579548700371,0.44226800000000005,0.476,0.6244076888987559,0.6936713152605597,C
x12_2up,,draw,500,0.2569265924021708,0.24792693333333335,0.26,0.5623101056625666,0.5730815913326467,C
x12_2up,,away,500,0.3380462724935733,0.3431273333333329,0.314,0.5622321944140685,0.6235716642192503,C
x12_never_down,,home,500,0.34890031419594403,0.3599378666666664,0.384,0.6027124325203221,0.6686611007401565,C
x12_never_down,,draw,500,0.2569265924021708,0.24792693333333335,0.26,0.5623101056625666,0.5730815913326467,C
x12_never_down,,away,500,0.25864038846043985,0.271732,0.228,0.48943653197710646,0.5393642222585727,C
double_chance_1up,,1x,500,0.7413596115395601,0.728268,0.772,0.4894365319771064,0.5393642222585727,C
double_chance_1up,,12,500,0.7430734075978291,0.7520730666666668,0.74,0.5623101056625668,0.5730815913326466,C
double_chance_1up,,x2,500,0.651099685804056,0.6400621333333327,0.616,0.6027124325203221,0.6686611007401565,C
first_goal,,home,500,0.5051413881748072,0.5030006666666673,0.546,0.6363382156219772,0.6922540023311223,C
first_goal,,none,500,0.06098257640674093,0.0732144,0.072,0.24982176164367456,0.259786945223492,C
first_goal,,away,500,0.43401885175664096,0.4237849333333336,0.382,0.6125036006496068,0.6706051180287137,C
last_goal,,home,500,0.5082833476149672,0.5016520000000001,0.52,0.670930404963892,0.6926216986468168,C
last_goal,,none,500,0.06098257640674093,0.0732144,0.072,0.24982176164367456,0.259786945223492,C
last_goal,,away,500,0.430876892316481,0.42513359999999994,0.408,0.6554716369678013,0.6771944459329164,C
lead_by_any,1.0,yes,500,0.939017423593259,0.9267856000000004,0.928,0.2498217616436746,0.259786945223492,C
lead_by_any,1.0,no,500,0.06098257640674093,0.0732144,0.072,0.24982176164367456,0.259786945223492,C
lead_by_any,2.0,yes,500,0.48400457012282205,0.48753493333333375,0.452,0.6743388081044093,0.6905869792793203,C
lead_by_any,2.0,no,500,0.515995429877178,0.5124650666666664,0.548,0.6743388081044093,0.6905869792793203,C
lead_by_any,3.0,yes,500,0.1918023421879463,0.19585386666666676,0.196,0.4851039961209393,0.4948635153734644,C
lead_by_any,3.0,no,500,0.8081976578120537,0.8041461333333328,0.804,0.48510399612093935,0.4948635153734644,C
lead_by_home,1.0,yes,500,0.5971151099685804,0.5796110666666667,0.618,0.6055351330131252,0.665946715933488,C
lead_by_home,1.0,no,500,0.4028848900314196,0.42038893333333327,0.382,0.6055351330131252,0.665946715933488,C
lead_by_home,2.0,yes,500,0.2823479005998286,0.2834888000000003,0.296,0.5384707237911069,0.6078924618753068,C
lead_by_home,2.0,no,500,0.7176520994001714,0.7165111999999995,0.704,0.5384707237911069,0.6078924618753068,C
lead_by_home,3.0,yes,500,0.1163953156241074,0.1202037333333334,0.122,0.35198154032238266,0.37104163882302066,C
lead_by_home,3.0,no,500,0.8836046843758926,0.879796266666667,0.878,0.35198154032238266,0.37104163882302066,C
lead_by_away,1.0,yes,500,0.5062839188803199,0.4890302666666671,0.462,0.6238130850127893,0.694181368034374,C
lead_by_away,1.0,no,500,0.4937160811196801,0.5109697333333331,0.538,0.6238130850127893,0.694181368034374,C
lead_by_away,2.0,yes,500,0.20551271065409882,0.2066614666666667,0.158,0.3990503734731586,0.4437041697430121,C
lead_by_away,2.0,no,500,0.7944872893459012,0.7933385333333335,0.842,0.3990503734731586,0.4437041697430121,C
lead_by_away,3.0,yes,500,0.07554984290202799,0.07566333333333333,0.074,0.23389083861031357,0.26388222594395583,C
lead_by_away,3.0,no,500,0.924450157097972,0.9243366666666658,0.926,0.23389083861031357,0.2638822259439558,C
goals_in_a_row_any,2.0,yes,500,0.5856898029134533,0.5737700000000008,0.562,0.6712986337719767,0.686589775599093,C
goals_in_a_row_any,2.0,no,500,0.4143101970865467,0.4262299999999999,0.438,0.6712986337719767,0.686589775599093,C
goals_in_a_row_any,3.0,yes,500,0.23179091688089118,0.22753999999999977,0.216,0.5107992046683089,0.5225101973092392,C
goals_in_a_row_any,3.0,no,500,0.7682090831191088,0.7724599999999998,0.784,0.5107992046683089,0.5225101973092392,C
goals_in_a_row_home,2.0,yes,500,0.3703227649243073,0.3566388000000006,0.388,0.6168606430588572,0.6685108872865505,C
goals_in_a_row_home,2.0,no,500,0.6296772350756926,0.6433612000000003,0.612,0.6168606430588573,0.6685108872865505,C
goals_in_a_row_home,3.0,yes,500,0.14095972579263066,0.13931773333333325,0.132,0.372968387085779,0.3905085628505727,C
goals_in_a_row_home,3.0,no,500,0.8590402742073693,0.8606822666666669,0.868,0.372968387085779,0.3905085628505727,C
goals_in_a_row_away,2.0,yes,500,0.2880605541273922,0.27736933333333336,0.248,0.5283714918558996,0.5641583109402226,C
goals_in_a_row_away,2.0,no,500,0.7119394458726078,0.7226306666666671,0.752,0.5283714918558996,0.5641583109402226,C
goals_in_a_row_away,3.0,yes,500,0.0946872322193659,0.09115840000000006,0.088,0.2655834250811166,0.2981525110470965,C
goals_in_a_row_away,3.0,no,500,0.9053127677806341,0.9088416000000001,0.912,0.2655834250811166,0.2981525110470965,C
home_win_from_behind,,yes,500,0.07697800628391888,0.06644253333333339,0.066,0.24143685090634565,0.24405501499907414,C
home_win_from_behind,,no,500,0.9230219937160811,0.9335574666666665,0.934,0.24143685090634567,0.24405501499907412,C
away_win_from_behind,,yes,500,0.058983147672093686,0.053960666666666685,0.062,0.23565719476386868,0.23251620583386404,C
away_win_from_behind,,no,500,0.9410168523279063,0.9460393333333332,0.938,0.23565719476386873,0.23251620583386406,C
x12_by_min_5,,home,500,0.06698086261068266,0.06084893333333333,0.058,0.2219266660546458,0.22210265512473812,D
x12_by_min_5,,draw,500,0.8756069694373037,0.8885079999999999,0.898,0.3305882603298071,0.33188801318476135,D
x12_by_min_5,,away,500,0.057554984290202796,0.05064306666666668,0.044,0.17561317254048364,0.18229012106640655,D
x12_by_min_10,,home,500,0.12325049985718366,0.11157826666666669,0.112,0.3501584716379789,0.351278234525651,D
x12_by_min_10,,draw,500,0.776492430734076,0.7959216000000008,0.806,0.49052675204759183,0.49456465751799555,D
x12_by_min_10,,away,500,0.10039988574692944,0.0925001333333334,0.082,0.2708824991390518,0.28561365267320554,D
x12_by_min_15,,home,500,0.1675235646958012,0.15677906666666655,0.172,0.45387925098000004,0.4591146764444969,D
x12_by_min_15,,draw,500,0.6890888317623536,0.7138715999999995,0.724,0.5885444768599241,0.5920432626421598,D
x12_by_min_15,,away,500,0.1435304198800343,0.1293493333333334,0.104,0.31712779909521444,0.34070874582433314,D
x12_by_min_20,,home,500,0.2097972007997715,0.1967131999999998,0.202,0.4984731097689281,0.5033476084947986,D
x12_by_min_20,,draw,500,0.6116823764638675,0.6419546666666671,0.66,0.6420503599051595,0.6460345651134298,D
x12_by_min_20,,away,500,0.17866323907455012,0.16133213333333343,0.138,0.380066092595179,0.40733148173291844,D
x12_by_min_25,,home,500,0.24121679520137104,0.2293954666666668,0.23,0.5275350550592286,0.5396237772815901,D
x12_by_min_25,,draw,500,0.5591259640102828,0.5835472,0.602,0.6745963388139425,0.6759514954909592,D
x12_by_min_25,,away,500,0.19980005712653529,0.18705733333333316,0.168,0.42631513140788796,0.4560011253964888,D
x12_by_min_30,,home,500,0.2709225935447015,0.257304,0.266,0.5636368401755326,0.5793012092524062,D
x12_by_min_30,,draw,500,0.5108540417023707,0.5337878666666667,0.546,0.6903145617512257,0.6913853990630526,D
x12_by_min_30,,away,500,0.21836618109111683,0.2089081333333335,0.188,0.4531061507081647,0.48610895159108974,D
x12_by_min_35,,home,500,0.29377320765495574,0.2806550666666666,0.312,0.6047062572967389,0.6214829040318066,D
x12_by_min_35,,draw,500,0.4717223650385604,0.492495733333333,0.482,0.6903802974182418,0.6927108283070388,D
x12_by_min_35,,away,500,0.23464724364467296,0.2268492000000001,0.206,0.4742282123340941,0.5109626636200205,D
x12_by_min_40,,home,500,0.3120536989431591,0.30081906666666663,0.336,0.6168791286901448,0.6396644225821725,D
x12_by_min_40,,draw,500,0.43773207654955726,0.45707359999999997,0.444,0.6846760501785253,0.6869417310734778,D
x12_by_min_40,,away,500,0.2503570408454727,0.24210733333333348,0.22,0.4908062471379153,0.5294342150551408,D
x12_by_min_50,,home,500,0.3528991716652385,0.34331880000000037,0.38,0.6323557946058693,0.6656546575453082,D
x12_by_min_50,,draw,500,0.37117966295344185,0.38408493333333377,0.38,0.6606235809224477,0.6642302567822722,D
x12_by_min_50,,away,500,0.2760639817195087,0.2725962666666667,0.24,0.5113399588775517,0.554429149265623,D
x12_by_min_55,,home,500,0.36775207083690375,0.3574838666666666,0.388,0.633582375059783,0.6687202452005784,D
x12_by_min_55,,draw,500,0.3463296201085404,0.36012973333333326,0.362,0.6508510383391022,0.6550988907570724,D
x12_by_min_55,,away,500,0.2860611253927449,0.2823864000000001,0.25,0.5236820739343566,0.5656058890379808,D
x12_by_min_60,,home,500,0.38031990859754355,0.3704469333333332,0.392,0.6192493748944682,0.6699226309101488,D
x12_by_min_60,,draw,500,0.3309054555841188,0.3385028000000001,0.344,0.6353398060374552,0.6440377854046977,D
x12_by_min_60,,away,500,0.2889174521565267,0.2910502666666666,0.264,0.5310228039475176,0.5787376973736824,D
x12_by_min_65,,home,500,0.387460725506998,0.3817319999999998,0.416,0.6108539803153563,0.6806696228906368,D
x12_by_min_65,,draw,500,0.31405312767780635,0.31976346666666666,0.292,0.595295386117191,0.6050765990939272,D
x12_by_min_65,,away,500,0.2986289631533848,0.29850453333333327,0.292,0.5523697232177454,0.6040381041256642,D
x12_by_min_70,,home,500,0.39574407312196513,0.39071173333333337,0.416,0.6016196117156238,0.6798211748310894,D
x12_by_min_70,,draw,500,0.30205655526992287,0.3049685333333333,0.29,0.5911788235830079,0.602499107923487,D
x12_by_min_70,,away,500,0.3023421879463011,0.304319733333333,0.294,0.5513161130388293,0.6058603092802816,D
x12_by_min_75,,home,500,0.40716938017709225,0.3991542666666668,0.424,0.6094059680668586,0.68213464413709,D
x12_by_min_75,,draw,500,0.28491859468723224,0.29124786666666685,0.278,0.584745713759054,0.591172510660328,D
x12_by_min_75,,away,500,0.3080548414738646,0.3095978666666668,0.298,0.5592548721745659,0.6093987828145829,D
x12_by_min_80,,home,500,0.4080262782062268,0.4060186666666663,0.436,0.6067966467649156,0.6865420040328596,D
x12_by_min_80,,draw,500,0.27806341045415595,0.2801608,0.268,0.5715697971340565,0.5815135878501108,D
x12_by_min_80,,away,500,0.31405312767780635,0.3138205333333334,0.296,0.5634835476282067,0.6082015511383679,D
x12_by_min_85,,home,500,0.41602399314481575,0.41293240000000014,0.444,0.6151707563916154,0.6884633129018787,D
x12_by_min_85,,draw,500,0.2660668380462725,0.26911826666666655,0.256,0.5613244817121037,0.5690929411183915,D
x12_by_min_85,,away,500,0.3180519851471008,0.31794933333333336,0.3,0.5637693502258344,0.6116234242970191,D
ou_by_min_5,0.5,over,500,0.12724935732647816,0.11454933333333336,0.104,0.3346744881084693,0.3363575294718014,D
ou_by_min_5,0.5,under,500,0.8727506426735219,0.8854506666666675,0.896,0.33467448810846934,0.33635752947180203,D
ou_by_min_5,1.5,over,500,0.005284204512996287,0.006910799999999995,0.002,0.016210245348547918,0.015773685247844272,D
ou_by_min_5,1.5,under,500,0.9947157954870037,0.9930892000000007,0.998,0.016210245348547907,0.015773685247844275,D
ou_by_min_5,2.5,over,500,0.00014281633818908883,0.00029386666666666767,0.0,0.0002939689853554406,0.00014282653741344727,D
ou_by_min_5,2.5,under,500,0.9998571836618109,0.9997061333333278,1.0,0.0002939689853554406,0.00014282653741344727,D
ou_by_min_10,0.5,over,500,0.23321908026278207,0.21488293333333325,0.198,0.49635555485021593,0.5012182768675564,D
ou_by_min_10,0.5,under,500,0.766780919737218,0.785117066666667,0.802,0.49635555485021593,0.5012182768675564,D
ou_by_min_10,1.5,over,500,0.02356469580119966,0.025253066666666657,0.016,0.08411408851171669,0.08343332510502835,D
ou_by_min_10,1.5,under,500,0.9764353041988003,0.9747469333333323,0.984,0.08411408851171669,0.08343332510502832,D
ou_by_min_10,2.5,over,500,0.0012853470437017994,0.0020162666666666664,0.002,0.014809370500547843,0.014597054511479402,D
ou_by_min_10,2.5,under,500,0.9987146529562982,0.9979837333333342,0.998,0.014809370500547796,0.01459705451147947,D
ou_by_min_15,0.5,over,500,0.33261925164238787,0.3084452,0.288,0.5995115267080641,0.6049468933852172,D
ou_by_min_15,0.5,under,500,0.6673807483576121,0.6915547999999999,0.712,0.5995115267080641,0.6049468933852172,D
ou_by_min_15,1.5,over,500,0.05127106540988289,0.054156266666666654,0.036,0.1596106361290555,0.15768002997974218,D
ou_by_min_15,1.5,under,500,0.9487289345901171,0.945843733333333,0.964,0.15961063612905546,0.15768002997974218,D
ou_by_min_15,2.5,over,500,0.006998000571265353,0.0065392000000000046,0.006,0.03758596034401107,0.036753250627523354,D
ou_by_min_15,2.5,under,500,0.9930019994287347,0.9934608000000008,0.994,0.03758596034401108,0.03675325062752339,D
ou_by_min_20,0.5,over,500,0.4240217080834047,0.3944891999999998,0.372,0.6597065253335265,0.665623445722013,D
ou_by_min_20,0.5,under,500,0.5759782919165952,0.6055108,0.628,0.6597065253335265,0.665623445722013,D
ou_by_min_20,1.5,over,500,0.09297343616109682,0.09205373333333328,0.074,0.26589536637624583,0.26614502761362474,D
ou_by_min_20,1.5,under,500,0.9070265638389031,0.9079462666666667,0.926,0.26589536637624583,0.26614502761362474,D
ou_by_min_20,2.5,over,500,0.013853184804341617,0.014978266666666675,0.008,0.05061244867587995,0.04807235636993842,D
ou_by_min_20,2.5,under,500,0.9861468151956584,0.985021733333333,0.992,0.05061244867587995,0.04807235636993842,D
ou_by_min_25,0.5,over,500,0.49800057126535274,0.46750213333333346,0.448,0.6901052754942625,0.6927392926608098,D
ou_by_min_25,0.5,under,500,0.5019994287346472,0.5324978666666665,0.552,0.6901052754942625,0.6927392926608098,D
ou_by_min_25,1.5,over,500,0.14238788917452155,0.13379386666666668,0.134,0.39187666403063076,0.3942133602505282,D
ou_by_min_25,1.5,under,500,0.8576121108254784,0.8662061333333338,0.866,0.39187666403063076,0.3942133602505282,D
ou_by_min_25,2.5,over,500,0.02327906312482148,0.026997333333333352,0.018,0.09592246466772882,0.09081393922175823,D
ou_by_min_25,2.5,under,500,0.9767209368751785,0.9730026666666666,0.982,0.0959224646677288,0.09081393922175816,D
ou_by_min_30,0.5,over,500,0.5642673521850899,0.5320795999999999,0.514,0.694582492837691,0.6978577736708549,D
ou_by_min_30,0.5,under,500,0.43573264781491,0.46792039999999985,0.486,0.694582492837691,0.6978577736708549,D
ou_by_min_30,1.5,over,500,0.19094544415881176,0.1793385333333333,0.17,0.45292376556576996,0.45734828943373196,D
ou_by_min_30,1.5,under,500,0.8090545558411882,0.8206614666666672,0.83,0.45292376556576996,0.45734828943373196,D
ou_by_min_30,2.5,over,500,0.03898886032562125,0.043036133333333323,0.036,0.15644678082112595,0.15513883933441228,D
ou_by_min_30,2.5,under,500,0.9610111396743788,0.9569638666666674,0.964,0.15644678082112595,0.1551388393344123,D
ou_by_min_35,0.5,over,500,0.6196800914024564,0.5874086666666671,0.578,0.6807948589259127,0.6845683489096811,D
ou_by_min_35,0.5,under,500,0.38031990859754355,0.4125913333333333,0.422,0.6807948589259127,0.6845683489096811,D
ou_by_min_35,1.5,over,500,0.23950299914310197,0.2256612000000002,0.214,0.5130821018430305,0.5210400438904307,D
ou_by_min_35,1.5,under,500,0.760497000856898,0.7743387999999992,0.786,0.5130821018430305,0.5210400438904307,D
ou_by_min_35,2.5,over,500,0.0601256783776064,0.0623708,0.064,0.23640131993499056,0.23796489896401227,D
ou_by_min_35,2.5,under,500,0.9398743216223936,0.9376291999999993,0.936,0.2364013199349905,0.23796489896401224,D
ou_by_min_40,0.5,over,500,0.6665238503284776,0.636196133333333,0.638,0.6548485373959002,0.6563660120213439,D
ou_by_min_40,0.5,under,500,0.33347614967152245,0.363803866666667,0.362,0.6548485373959001,0.6563660120213439,D
ou_by_min_40,1.5,over,500,0.28948871750928307,0.27288,0.268,0.5755956604890636,0.5823992107636262,D
ou_by_min_40,1.5,under,500,0.7105112824907169,0.7271199999999998,0.732,0.5755956604890636,0.5823992107636262,D
ou_by_min_40,2.5,over,500,0.08526135389888603,0.08509119999999998,0.074,0.2630031854700681,0.2647127526532062,D
ou_by_min_40,2.5,under,500,0.914738646101114,0.9149087999999994,0.926,0.2630031854700681,0.2647127526532062,D
ou_by_min_50,0.5,over,500,0.7662096543844615,0.7408273333333335,0.752,0.5617168299912983,0.5606831537178376,D
ou_by_min_50,0.5,under,500,0.2337903456155384,0.25917266666666655,0.248,0.5617168299912983,0.5606831537178376,D
ou_by_min_50,1.5,over,500,0.4268780348471865,0.4001295999999999,0.396,0.6632121735455745,0.6733184136089547,D
ou_by_min_50,1.5,under,500,0.5731219651528134,0.5998703999999996,0.604,0.6632121735455745,0.6733184136089538,D
ou_by_min_50,2.5,over,500,0.1763781776635247,0.16346226666666672,0.156,0.419366626133907,0.4344524508495154,D
ou_by_min_50,2.5,under,500,0.8236218223364753,0.8365377333333334,0.844,0.41936662613390696,0.4344524508495154,D
ou_by_min_55,0.5,over,500,0.7993430448443302,0.776167466666667,0.78,0.5248315509244182,0.5280476387904198,D
ou_by_min_55,0.5,under,500,0.2006569551556698,0.22383253333333328,0.22,0.5248315509244182,0.5280476387904198,D
ou_by_min_55,1.5,over,500,0.4828620394173093,0.45268573333333334,0.446,0.6768907179575135,0.6900316950967297,D
ou_by_min_55,1.5,under,500,0.5171379605826907,0.547314266666666,0.554,0.6768907179575135,0.6900316950967297,D
ou_by_min_55,2.5,over,500,0.21836618109111683,0.2030249333333333,0.184,0.46719262894152913,0.48100809965022917,D
ou_by_min_55,2.5,under,500,0.7816338189088832,0.7969750666666666,0.816,0.4671926289415291,0.48100809965022917,D
ou_by_min_60,0.5,over,500,0.827906312482148,0.8077184000000001,0.806,0.4873999291807761,0.49360230940538985,D
ou_by_min_60,0.5,under,500,0.17209368751785203,0.19228159999999977,0.194,0.4873999291807761,0.49360230940538985,D
ou_by_min_60,1.5,over,500,0.5348471865181377,0.5041645333333331,0.494,0.6796232814835786,0.6964194414448813,D
ou_by_min_60,1.5,under,500,0.4651528134818623,0.495835466666667,0.506,0.6796232814835786,0.6964194414448813,D
ou_by_min_60,2.5,over,500,0.26549557269351615,0.24546479999999993,0.226,0.5202912128322169,0.5385363716597735,D
ou_by_min_60,2.5,under,500,0.7345044273064839,0.7545352000000006,0.774,0.5202912128322169,0.5385363716597735,D
ou_by_min_65,0.5,over,500,0.8504712939160239,0.8347556000000006,0.856,0.40533315096469397,0.4122801467375274,D
ou_by_min_65,0.5,under,500,0.149528706083976,0.16524440000000015,0.144,0.40533315096469397,0.4122801467375274,D
ou_by_min_65,1.5,over,500,0.578834618680377,0.5523664,0.546,0.6766742211954438,0.6911064877734151,D
ou_by_min_65,1.5,under,500,0.42116538131962294,0.4476335999999999,0.454,0.6766742211954438,0.6911064877734151,D
ou_by_min_65,2.5,over,500,0.31233933161953725,0.2883511999999998,0.274,0.5758806639543841,0.5907020304565813,D
ou_by_min_65,2.5,under,500,0.6876606683804627,0.7116488000000005,0.726,0.5758806639543843,0.5907020304565813,D
ou_by_min_70,0.5,over,500,0.871322479291631,0.8556429333333335,0.868,0.3810041812798683,0.3902198885505053,D
ou_by_min_70,0.5,under,500,0.12867752070836905,0.14435706666666662,0.132,0.3810041812798683,0.3902198885505053,D
ou_by_min_70,1.5,over,500,0.6153956012567838,0.5927449333333327,0.594,0.6662486875177206,0.6763302820892938,D
ou_by_min_70,1.5,under,500,0.3846043987432162,0.4072550666666666,0.406,0.6662486875177207,0.6763302820892938,D
ou_by_min_70,2.5,over,500,0.3500428449014567,0.32695706666666674,0.324,0.6227810768832086,0.6313565200722543,D
ou_by_min_70,2.5,under,500,0.6499571550985432,0.6730429333333333,0.676,0.6227810768832085,0.6313565200722543,D
ou_by_min_75,0.5,over,500,0.8944587260782634,0.8743797333333343,0.882,0.35547813566980857,0.36371628505530834,D
ou_by_min_75,0.5,under,500,0.10554127392173665,0.12562026666666656,0.118,0.3554781356698087,0.36371628505530834,D
ou_by_min_75,1.5,over,500,0.6539560125678378,0.6315337333333334,0.624,0.6503656693452213,0.66402948498957,D
ou_by_min_75,1.5,under,500,0.34604398743216225,0.3684662666666666,0.376,0.6503656693452213,0.66402948498957,D
ou_by_min_75,2.5,over,500,0.39203084832904883,0.3667481333333329,0.374,0.653490372757864,0.6617362065312681,D
ou_by_min_75,2.5,under,500,0.6079691516709511,0.6332518666666668,0.626,0.653490372757864,0.6617362065312681,D
ou_by_min_80,0.5,over,500,0.9090259925735504,0.8889589333333332,0.9,0.31659514079091367,0.3255615760650415,D
ou_by_min_80,0.5,under,500,0.09097400742644958,0.11104106666666669,0.1,0.31659514079091367,0.3255615760650415,D
ou_by_min_80,1.5,over,500,0.6865181376749501,0.6639841333333343,0.66,0.6306025029964837,0.6426456220314394,D
ou_by_min_80,1.5,under,500,0.31348186232505,0.33601586666666694,0.34,0.6306025029964837,0.6426456220314394,D
ou_by_min_80,2.5,over,500,0.4240217080834047,0.4018648000000001,0.416,0.6682775580462893,0.6790999998068353,D
ou_by_min_80,2.5,under,500,0.5759782919165952,0.5981352000000002,0.584,0.6682775580462892,0.6790999998068353,D
ou_by_min_85,0.5,over,500,0.919594401599543,0.9029366666666663,0.912,0.29207507245173503,0.2982652771234956,D
ou_by_min_85,0.5,under,500,0.08040559840045701,0.09706333333333327,0.088,0.29207507245173503,0.2982652771234956,D
ou_by_min_85,1.5,over,500,0.7167952013710368,0.6969529333333329,0.684,0.6129980763282359,0.6264089879783755,D
ou_by_min_85,1.5,under,500,0.28320479862896314,0.3030470666666667,0.316,0.612998076328236,0.6264089879783755,D
ou_by_min_85,2.5,over,500,0.4628677520708369,0.4397693333333335,0.444,0.675604677045693,0.6875794552102557,D
ou_by_min_85,2.5,under,500,0.5371322479291631,0.5602306666666663,0.556,0.675604677045693,0.6875794552102558,D
first_goal_10,,1-10,500,0.23321908026278207,0.21488293333333325,0.198,0.49635555485021593,0.5012182768675564,D
first_goal_10,,11-20,500,0.19094544415881176,0.17960626666666676,0.174,0.4623269399787198,0.4631238038191725,D
first_goal_10,,21-30,500,0.14038846043987432,0.13759040000000006,0.142,0.4093354866794045,0.4085882453457263,D
first_goal_10,,31-40,500,0.10239931448157669,0.10411653333333343,0.124,0.37646408495768985,0.3772147952629304,D
first_goal_10,,41-50,500,0.09982862039417309,0.10463119999999997,0.114,0.3560533609225017,0.35587096019134246,D
first_goal_10,,51-60,500,0.061839474435875466,0.06689106666666661,0.054,0.21370982255893148,0.2106806835261982,D
first_goal_10,,61-70,500,0.04355898314767209,0.04792453333333334,0.062,0.23668638189580438,0.2360605539773214,D
first_goal_10,,71-80,500,0.03784632962010854,0.033316000000000005,0.032,0.14088324616646578,0.14212158615313253,D
first_goal_10,,81-90,500,0.030134247357897742,0.037826666666666627,0.028,0.12819982806997599,0.12779948624667514,D
first_goal_10,,none,500,0.06098257640674093,0.0732144,0.072,0.24982176164367456,0.259786945223492,D
first_goal_15,,1-15,500,0.33261925164238787,0.3084452,0.288,0.5995115267080641,0.6049468933852172,D
first_goal_15,,16-30,500,0.23179091688089118,0.2236343999999997,0.226,0.536233184152502,0.5344924592568252,D
first_goal_15,,31-45,500,0.16295344187375035,0.1717649333333333,0.204,0.5096377342750533,0.5117042790275071,D
first_goal_15,,46-60,500,0.10097115109968581,0.10387386666666673,0.088,0.302538846124573,0.29885041972736853,D
first_goal_15,,61-75,500,0.06669522993430449,0.06666133333333335,0.076,0.27038780110108596,0.26955695145388575,D
first_goal_15,,76-90,500,0.044701513853184806,0.05240586666666666,0.046,0.1866105507775861,0.1865841942268049,D
first_goal_15,,none,500,0.06098257640674093,0.0732144,0.072,0.24982176164367456,0.259786945223492,D
x12_ou_15,,home&over,500,0.336046843758926,0.33605693333333336,0.352,0.5897887167968204,0.64924196342708,E
x12_ou_15,,home&under,500,0.08983147672093687,0.09032346666666664,0.098,0.3125856227175699,0.3210635513844743,E
x12_ou_15,,draw&over,500,0.19608683233361895,0.17471253333333314,0.188,0.47644308072063485,0.48351954783344575,E
x12_ou_15,,draw&under,500,0.06098257640674093,0.0732144,0.072,0.24982176164367456,0.259786945223492,E
x12_ou_15,,away&over,500,0.2495001428163382,0.24857799999999985,0.206,0.4769118528635053,0.5138794926780248,E
x12_ou_15,,away&under,500,0.06812339331619537,0.07711466666666666,0.084,0.2864098111043717,0.2902887675931323,E
htft_ou_15,,home/home&over,500,0.21379605826906597,0.2161467999999998,0.22,0.4976488144157006,0.5270216586000054,E
htft_ou_15,,home/home&under,500,0.038131962296486716,0.03722906666666665,0.052,0.200328930410136,0.20672488305324863,E
htft_ou_15,,home/draw&over,500,0.05869751499571551,0.05004280000000005,0.05,0.19771653967337977,0.1992340977897144,E
htft_ou_15,,home/draw&under,500,0.00014281633818908883,0.0,0.0,1.000000500029082e-06,0.00014282653741344727,E
htft_ou_15,,home/away&over,500,0.026421022564981436,0.02290213333333332,0.038,0.17003960596470194,0.16383545011063336,E
htft_ou_15,,home/away&under,500,0.00014281633818908883,0.0,0.0,1.000000500029082e-06,0.00014282653741344727,E
htft_ou_15,,draw/home&over,500,0.09040274207369323,0.09421986666666671,0.104,0.3174278990969567,0.3348609932788729,E
htft_ou_15,,draw/home&under,500,0.05184233076263925,0.053094400000000035,0.046,0.18560211520266975,0.1869249073403504,E
htft_ou_15,,draw/draw&over,500,0.08583261925164239,0.0765977333333333,0.094,0.31080653633745986,0.3121093641976479,E
htft_ou_15,,draw/draw&under,500,0.06098257640674093,0.0732144,0.072,0.24982176164367456,0.259786945223492,E
htft_ou_15,,draw/away&over,500,0.0689802913453299,0.07047306666666667,0.042,0.1759481589361827,0.18077813643149307,E
htft_ou_15,,draw/away&under,500,0.042416452442159386,0.045173733333333306,0.046,0.185920708656757,0.18671863201683275,E
htft_ou_15,,away/home&over,500,0.032133676092544985,0.025690266666666687,0.028,0.12664604512613328,0.12800659966058628,E
htft_ou_15,,away/home&under,500,0.00014281633818908883,0.0,0.0,1.000000500029082e-06,0.00014282653741344727,E
htft_ou_15,,away/draw&over,500,0.05184233076263925,0.04807199999999997,0.044,0.1782611394338453,0.1811122797514418,E
htft_ou_15,,away/draw&under,500,0.00014281633818908883,0.0,0.0,1.000000500029082e-06,0.00014282653741344727,E
htft_ou_15,,away/away&over,500,0.154384461582405,0.1552028,0.126,0.34408781353888157,0.38196843965930133,E
htft_ou_15,,away/away&under,500,0.02584975721222508,0.03194093333333335,0.038,0.16133812388608276,0.16410177864267117,E
dc_ou_15,,1x&over,500,0.5319908597543559,0.5107694666666668,0.54,0.6546662363011609,0.690072672473781,E
dc_ou_15,,1x&under,500,0.1506712367894887,0.16353786666666667,0.17,0.4416161604875118,0.45729777285341117,E
dc_ou_15,,12&over,500,0.5854041702370751,0.5846349333333339,0.558,0.67937571979121,0.6879420545743038,E
dc_ou_15,,12&under,500,0.15781205369894316,0.16743813333333338,0.182,0.4749350568834668,0.47652898650696585,E
dc_ou_15,,x2&over,500,0.4454441588117681,0.4232905333333333,0.394,0.6243888320702654,0.6759114433537426,E
dc_ou_15,,x2&under,500,0.1289631533847472,0.15032906666666673,0.156,0.42482179110896573,0.43605557684334895,E
x12_ou_25,,home&over,500,0.270065695515567,0.26370813333333337,0.284,0.5773068386698934,0.5971789011375225,E
x12_ou_25,,home&under,500,0.1558126249642959,0.16267226666666668,0.166,0.42726078204143036,0.44987437297880134,E
x12_ou_25,,draw&over,500,0.07412167952013711,0.059583466666666654,0.072,0.2541101095746023,0.25881495920427183,E
x12_ou_25,,draw&under,500,0.1829477292202228,0.1883434666666669,0.188,0.47131947947940905,0.4833946946119811,E
x12_ou_25,,away&over,500,0.19780062839188803,0.19471773333333348,0.172,0.4323051345247448,0.4612148916948708,E
x12_ou_25,,away&under,500,0.11982290774064552,0.13097493333333332,0.118,0.35055207769573365,0.36293692340278033,E
htft_ou_25,,home/home&over,500,0.16780919737217936,0.16737679999999988,0.18,0.4573371018484637,0.4719156796732053,E
htft_ou_25,,home/home&under,500,0.08411882319337333,0.08599906666666662,0.092,0.2954537410696182,0.3075330197114979,E
htft_ou_25,,home/draw&over,500,0.02699228791773779,0.018857866666666685,0.016,0.08222042546328917,0.08472072379236667,E
htft_ou_25,,home/draw&under,500,0.03184804341616681,0.031184933333333307,0.034,0.14636414891678998,0.14845626968665432,E
htft_ou_25,,home/away&over,500,0.026421022564981436,0.02290213333333332,0.038,0.17003960596470194,0.16383545011063336,E
htft_ou_25,,home/away&under,500,0.00014281633818908883,0.0,0.0,1.000000500029082e-06,0.00014282653741344727,E
htft_ou_25,,draw/home&over,500,0.07040845472722079,0.07064106666666664,0.076,0.2645981727922097,0.2691228153464817,E
htft_ou_25,,draw/home&under,500,0.07183661810911168,0.07667320000000002,0.074,0.2574165081606363,0.26389969727706475,E
htft_ou_25,,draw/draw&over,500,0.024135961153956012,0.02056680000000001,0.038,0.1660254445564301,0.16501758116842508,E
htft_ou_25,,draw/draw&under,500,0.1226792345044273,0.12924533333333335,0.128,0.374672527109878,0.3826969464856798,E
htft_ou_25,,draw/away&over,500,0.05355612682090831,0.05158373333333339,0.03,0.13438240732832984,0.14120305340991804,E
htft_ou_25,,draw/away&under,500,0.05784061696658098,0.06406306666666668,0.058,0.21866904616586796,0.22142884859448614,E
htft_ou_25,,away/home&over,500,0.032133676092544985,0.025690266666666687,0.028,0.12664604512613328,0.12800659966058628,E
htft_ou_25,,away/home&under,500,0.00014281633818908883,0.0,0.0,1.000000500029082e-06,0.00014282653741344727,E
htft_ou_25,,away/draw&over,500,0.02327906312482148,0.020158799999999998,0.018,0.0880281120077148,0.09081393922175815,E
htft_ou_25,,away/draw&under,500,0.028706083976006855,0.027913200000000003,0.026,0.11950228995685185,0.12068568314800446,E
htft_ou_25,,away/away&over,500,0.11810911168237646,0.12023186666666658,0.104,0.3057190029131701,0.33477472453157275,E
htft_ou_25,,away/away&under,500,0.06212510711225364,0.06691186666666668,0.06,0.21833368539381615,0.22700669662977419,E
dc_ou_25,,1x&over,500,0.344044558697515,0.3232915999999999,0.356,0.6455676445337319,0.6513969358779113,E
dc_ou_25,,1x&under,500,0.33861753784632964,0.3510157333333334,0.354,0.6332167541822188,0.6504121962608914,E
dc_ou_25,,12&over,500,0.46772350756926595,0.4584258666666666,0.456,0.6905641088074547,0.689546504678271,E
dc_ou_25,,12&under,500,0.2754927163667524,0.2936472,0.284,0.5980516478165807,0.5968717613516411,E
dc_ou_25,,x2&over,500,0.2717794915738361,0.25430120000000017,0.244,0.5142827532591308,0.5576409167766503,E
dc_ou_25,,x2&under,500,0.30262782062267923,0.3193183999999998,0.306,0.596375379031351,0.6158895822257179,E
x12_ou_35,,home&over,500,0.1509568694658669,0.14399173333333334,0.148,0.3875045395270503,0.41925843423141773,E
x12_ou_35,,home&under,500,0.274921451013996,0.2823886666666664,0.302,0.5792583292359589,0.6143532461713198,E
x12_ou_35,,draw&over,500,0.07412167952013711,0.059583466666666654,0.072,0.2541101095746023,0.25881495920427183,E
x12_ou_35,,draw&under,500,0.1829477292202228,0.1883434666666669,0.188,0.47131947947940905,0.4833946946119811,E
x12_ou_35,,away&over,500,0.10125678377606398,0.09971546666666666,0.084,0.2713347504500309,0.29015828117524134,E
x12_ou_35,,away&under,500,0.21636675235646957,0.22597720000000002,0.206,0.4817444017035865,0.5089292055934337,E
htft_ou_35,,home/home&over,500,0.10011425307055127,0.09861266666666661,0.1,0.30233377491807883,0.32508304586330433,E
htft_ou_35,,home/home&under,500,0.15181376749500142,0.15476320000000013,0.172,0.44599082749809255,0.4605717086826666,E
htft_ou_35,,home/draw&over,500,0.02699228791773779,0.018857866666666685,0.016,0.08222042546328917,0.08472072379236667,E
htft_ou_35,,home/draw&under,500,0.03184804341616681,0.031184933333333307,0.034,0.14636414891678998,0.14845626968665432,E
htft_ou_35,,home/away&over,500,0.01213938874607255,0.010363999999999998,0.01,0.05620692899620297,0.05620453463512864,E
htft_ou_35,,home/away&under,500,0.014424450157097972,0.012538133333333338,0.028,0.13865476563853105,0.13280992443583062,E
htft_ou_35,,draw/home&over,500,0.03299057412167952,0.03143480000000001,0.034,0.1418841003687307,0.14839857209773585,E
htft_ou_35,,draw/home&under,500,0.10925449871465295,0.1158794666666667,0.116,0.34749455782864574,0.3591084591416433,E
htft_ou_35,,draw/draw&over,500,0.024135961153956012,0.02056680000000001,0.038,0.1660254445564301,0.16501758116842508,E
htft_ou_35,,draw/draw&under,500,0.1226792345044273,0.12924533333333335,0.128,0.374672527109878,0.3826969464856798,E
htft_ou_35,,draw/away&over,500,0.02327906312482148,0.0218648,0.014,0.07398463148039948,0.07586735282059312,E
htft_ou_35,,draw/away&under,500,0.08811768066266781,0.09378199999999998,0.074,0.25884902977532026,0.2651703261455046,E
htft_ou_35,,away/home&over,500,0.018137674950014282,0.013944266666666672,0.014,0.07325204339028568,0.07418461668490597,E
htft_ou_35,,away/home&under,500,0.014138817480719794,0.011745999999999987,0.014,0.07288206403254675,0.07366400421110014,E
htft_ou_35,,away/draw&over,500,0.02327906312482148,0.020158799999999998,0.018,0.0880281120077148,0.09081393922175815,E
htft_ou_35,,away/draw&under,500,0.028706083976006855,0.027913200000000003,0.026,0.11950228995685185,0.12068568314800446,E
htft_ou_35,,away/away&over,500,0.06612396458154812,0.06748666666666658,0.06,0.20885231212635508,0.22728032236183948,E
htft_ou_35,,away/away&under,500,0.11411025421308198,0.11965706666666685,0.104,0.3133906224293123,0.334303223979007,E
dc_ou_35,,1x&over,500,0.2249357326478149,0.2035752,0.22,0.5087325916911087,0.5269781964680113,E
dc_ou_35,,1x&under,500,0.4577263638960297,0.47073213333333325,0.49,0.6577154428403629,0.6950391448125557,E
dc_ou_35,,12&over,500,0.25207083690374177,0.24370720000000007,0.232,0.5259776302238188,0.5427697722147263,E
dc_ou_35,,12&under,500,0.4911453870322765,0.5083658666666665,0.508,0.685094967169201,0.6935873907369471,E
dc_ou_35,,x2&over,500,0.175235646958012,0.1592989333333333,0.156,0.4027355983436353,0.43429627627055356,E
dc_ou_35,,x2&under,500,0.3991716652385033,0.4143206666666667,0.394,0.6375657358539496,0.6705595909366058,E
x12_ou_45,,home&over,500,0.09068837475007141,0.084322,0.07,0.23742847848591062,0.2564355291762912,E
x12_ou_45,,home&under,500,0.3351899457297915,0.34205839999999976,0.38,0.6198139164103159,0.6684794294703045,E
x12_ou_45,,draw&over,500,0.012710654098828905,0.011394666666666666,0.022,0.10337408003411176,0.10854762290603553,E
x12_ou_45,,draw&under,500,0.24435875464153098,0.23653226666666669,0.238,0.5374449853938682,0.548873724635324,E
x12_ou_45,,away&over,500,0.0601256783776064,0.058306800000000006,0.056,0.20225073977080485,0.21597042572582226,E
x12_ou_45,,away&under,500,0.2574978577549272,0.2673858666666668,0.234,0.5169665929943751,0.545538882243111,E
htft_ou_45,,home/home&over,500,0.058126249642959156,0.05762893333333331,0.036,0.1440843639709396,0.16015317603271362,E
htft_ou_45,,home/home&under,500,0.19380177092259354,0.19574693333333334,0.236,0.5327002057881819,0.5518421656835838,E
htft_ou_45,,home/draw&over,500,0.006426735218508998,0.003695466666666663,0.002,0.013483716962271734,0.016529157863276335,E
htft_ou_45,,home/draw&under,500,0.0524135961153956,0.04634733333333334,0.048,0.19154818859494674,0.19278525548646802,E
htft_ou_45,,home/away&over,500,0.008711796629534418,0.0078064000000000015,0.006,0.036689229790642805,0.037155929802025145,E
htft_ou_45,,home/away&under,500,0.017852042273636105,0.015095733333333335,0.032,0.1538696371642358,0.14625728185933673,E
htft_ou_45,,draw/home&over,500,0.018994572979148815,0.017267333333333336,0.024,0.11217716179024383,0.11384347976453964,E
htft_ou_45,,draw/home&under,500,0.12325049985718366,0.13004693333333342,0.126,0.36407703709975653,0.37874626883046847,E
htft_ou_45,,draw/draw&over,500,0.004141673807483576,0.0034700000000000004,0.012,0.07133201876745632,0.06994033426041481,E
htft_ou_45,,draw/draw&under,500,0.14267352185089974,0.1463421333333333,0.154,0.42138971810611253,0.43009849433167757,E
htft_ou_45,,draw/away&over,500,0.012425021422450729,0.012114266666666663,0.012,0.06401889763386437,0.06500933892108408,E
htft_ou_45,,draw/away&under,500,0.09897172236503857,0.10353253333333329,0.076,0.26494765479385374,0.2720800244975499,E
htft_ou_45,,away/home&over,500,0.013853184804341617,0.009425733333333337,0.01,0.0557703904434165,0.05660293654461848,E
htft_ou_45,,away/home&under,500,0.01842330762639246,0.016264533333333327,0.018,0.08902726988514752,0.09015491459468364,E
htft_ou_45,,away/draw&over,500,0.00242787774921451,0.0042292,0.008,0.04501022319548636,0.050577285244627686,E
htft_ou_45,,away/draw&under,500,0.04955726935161382,0.04384280000000004,0.036,0.15477395235431135,0.1571641329171631,E
htft_ou_45,,away/away&over,500,0.03927449300199943,0.03838613333333335,0.038,0.14870316755112983,0.1615568549826478,E
htft_ou_45,,away/away&under,500,0.14095972579263066,0.14875760000000016,0.126,0.3561996894893198,0.3796645133167209,E
dc_ou_45,,1x&over,500,0.10325621251071122,0.0957166666666667,0.092,0.2937630488443325,0.3078483149843901,E
dc_ou_45,,1x&under,500,0.5794058840331334,0.5785906666666668,0.618,0.6293327207315097,0.6681199957482941,E
dc_ou_45,,12&over,500,0.1506712367894887,0.14262880000000006,0.126,0.37342812755801386,0.3812065434063682,E
dc_ou_45,,12&under,500,0.5925449871465296,0.6094442666666657,0.614,0.662066030191288,0.6678840410618202,E
dc_ou_45,,x2&over,500,0.07269351613824622,0.06970146666666666,0.078,0.2530457737279676,0.2740616400108439,E
dc_ou_45,,x2&under,500,0.501713796058269,0.5039181333333332,0.472,0.6525287684342395,0.6933450006985205,E
x12_btts,,home&yes,500,0.2046558126249643,0.19580346666666687,0.212,0.5085423038979737,0.5167587333463772,E
x12_btts,,home&no,500,0.2212225078548986,0.23057693333333354,0.238,0.5044133630019951,0.5495663189617344,E
x12_btts,,draw&yes,500,0.19608683233361895,0.17471253333333314,0.188,0.47644308072063485,0.48351954783344575,E
x12_btts,,draw&no,500,0.06098257640674093,0.0732144,0.072,0.24982176164367456,0.259786945223492,E
x12_btts,,away&yes,500,0.154384461582405,0.15446400000000016,0.128,0.37680103854775104,0.3853696772890861,E
x12_btts,,away&no,500,0.16323907455012854,0.17122866666666678,0.162,0.4100411567147563,0.44297713600132216,E
ou_25_btts,,over&yes,500,0.4328763210511283,0.4098509333333334,0.412,0.6746897145849203,0.6784695162616214,E
ou_25_btts,,over&no,500,0.10896886603827478,0.1081583999999999,0.116,0.35849977972620534,0.3591287000596813,E
ou_25_btts,,under&yes,500,0.12210796915167095,0.11512906666666671,0.116,0.3540513104253121,0.3590553488921535,E
ou_25_btts,,under&no,500,0.3363324764353042,0.3668615999999998,0.356,0.6480424435597598,0.6519404520874982,E
first_goal_x12,,home_goal&home,500,0.3554698657526421,0.36398053333333336,0.39,0.6016580869690044,0.6713153296967787,E
first_goal_x12,,home_goal&draw,500,0.09668666095401314,0.0886088,0.094,0.3096326248177362,0.3117376277431337,E
first_goal_x12,,home_goal&away,500,0.05327049414453013,0.05041133333333333,0.062,0.23611805658096147,0.23315497027427018,E
first_goal_x12,,away_goal&home,500,0.07040845472722079,0.06239986666666669,0.06,0.22627979895722142,0.2278359043140066,E
first_goal_x12,,away_goal&draw,500,0.09954298771779492,0.08610373333333336,0.094,0.3073955294741711,0.31187025985360955,E
first_goal_x12,,away_goal&away,500,0.2643530419880034,0.2752813333333332,0.228,0.4902769597371361,0.5403549347832273,E
first_goal_x12,,no_goal,500,0.06098257640674093,0.0732144,0.072,0.24982176164367456,0.259786945223492,E
htft_h1ou_05,,home/home&over,500,0.2517852042273636,0.2533758666666669,0.272,0.5595203968978899,0.5863041185732057,E
htft_h1ou_05,,home/home&under,500,0.00014281633818908883,0.0,0.0,1.000000500029082e-06,0.00014282653741344727,E
htft_h1ou_05,,home/draw&over,500,0.05869751499571551,0.05004280000000005,0.05,0.19771653967337977,0.1992340977897144,E
htft_h1ou_05,,home/draw&under,500,0.00014281633818908883,0.0,0.0,1.000000500029082e-06,0.00014282653741344727,E
htft_h1ou_05,,home/away&over,500,0.026421022564981436,0.02290213333333332,0.038,0.17003960596470194,0.16383545011063336,E
htft_h1ou_05,,home/away&under,500,0.00014281633818908883,0.0,0.0,1.000000500029082e-06,0.00014282653741344727,E
htft_h1ou_05,,draw/home&over,500,0.0472722079405884,0.04129666666666665,0.048,0.1903444924150404,0.19258956931705468,E
htft_h1ou_05,,draw/home&under,500,0.09497286489574407,0.10601759999999998,0.102,0.3180341769240261,0.3297364704751942,E
htft_h1ou_05,,draw/draw&over,500,0.04355898314767209,0.03934906666666661,0.048,0.19069879748871252,0.19281310963508574,E
htft_h1ou_05,,draw/draw&under,500,0.10325621251071122,0.11046306666666658,0.118,0.35705182609160097,0.36404879149722835,E
htft_h1ou_05,,draw/away&over,500,0.03299057412167952,0.030822800000000053,0.02,0.10047790999993929,0.10110676312824246,E
htft_h1ou_05,,draw/away&under,500,0.07840616966580977,0.08482400000000005,0.068,0.24332524854102527,0.249216417975761,E
htft_h1ou_05,,away/home&over,500,0.032133676092544985,0.025690266666666687,0.028,0.12664604512613328,0.12800659966058628,E
htft_h1ou_05,,away/home&under,500,0.00014281633818908883,0.0,0.0,1.000000500029082e-06,0.00014282653741344727,E
htft_h1ou_05,,away/draw&over,500,0.05184233076263925,0.04807199999999997,0.044,0.1782611394338453,0.1811122797514418,E
htft_h1ou_05,,away/draw&under,500,0.00014281633818908883,0.0,0.0,1.000000500029082e-06,0.00014282653741344727,E
htft_h1ou_05,,away/away&over,500,0.180091402456441,0.18714373333333323,0.164,0.40677984398990974,0.44714186143622303,E
htft_h1ou_05,,away/away&under,500,0.00014281633818908883,0.0,0.0,1.000000500029082e-06,0.00014282653741344727,E
htft_h1ou_15,,home/home&over,500,0.11953727506426735,0.11624799999999999,0.11,0.32528207600421627,0.34695781387815416,E
htft_h1ou_15,,home/home&under,500,0.13239074550128535,0.13712786666666674,0.162,0.43531239058709476,0.4465711931340129,E
htft_h1ou_15,,home/draw&over,500,0.015852613538988862,0.011130000000000004,0.008,0.04535395050611222,0.04900714047776162,E
htft_h1ou_15,,home/draw&under,500,0.04298771779491574,0.03891280000000005,0.042,0.17346762592125103,0.17426092843685986,E
htft_h1ou_15,,home/away&over,500,0.005855469865752642,0.005151199999999997,0.004,0.02650523077149689,0.026410705763801966,E
htft_h1ou_15,,home/away&under,500,0.020708369037417882,0.01775093333333333,0.034,0.15943810939335176,0.1520397074356158,E
htft_h1ou_15,,draw/home&over,500,0.0472722079405884,0.04129666666666665,0.048,0.1903444924150404,0.19258956931705468,E
htft_h1ou_15,,draw/home&under,500,0.09497286489574407,0.10601759999999998,0.102,0.3180341769240261,0.3297364704751942,E
htft_h1ou_15,,draw/draw&over,500,0.04355898314767209,0.03934906666666661,0.048,0.19069879748871252,0.19281310963508574,E
htft_h1ou_15,,draw/draw&under,500,0.10325621251071122,0.11046306666666658,0.118,0.35705182609160097,0.36404879149722835,E
htft_h1ou_15,,draw/away&over,500,0.03299057412167952,0.030822800000000053,0.02,0.10047790999993929,0.10110676312824246,E
htft_h1ou_15,,draw/away&under,500,0.07840616966580977,0.08482400000000005,0.068,0.24332524854102527,0.249216417975761,E
htft_h1ou_15,,away/home&over,500,0.010139960011425307,0.004891333333333328,0.002,0.014580854129277145,0.01935387860637958,E
htft_h1ou_15,,away/home&under,500,0.02213653241930877,0.020798933333333332,0.026,0.12013494515762897,0.12087688221079454,E
htft_h1ou_15,,away/draw&over,500,0.011282490716938019,0.012162133333333325,0.008,0.04559624887892037,0.04713187386227369,E
htft_h1ou_15,,away/draw&under,500,0.04070265638389032,0.03590986666666668,0.036,0.1540530725956374,0.15531087434768087,E
htft_h1ou_15,,away/away&over,500,0.07983433304770066,0.08223573333333332,0.086,0.267532455697194,0.2934371589105535,E
htft_h1ou_15,,away/away&under,500,0.10039988574692944,0.10490799999999997,0.078,0.26604179223596286,0.27684249556196006,E
htft_h1ou_25,,home/home&over,500,0.05327049414453013,0.05397960000000004,0.05,0.18041100893478765,0.198623400403099,E
htft_h1ou_25,,home/home&under,500,0.19865752642102258,0.19939626666666663,0.222,0.519376212110386,0.5310916074933495,E
htft_h1ou_25,,home/draw&over,500,0.011568123393316195,0.00715866666666666,0.004,0.025579686806490008,0.029427020241425125,E
htft_h1ou_25,,home/draw&under,500,0.0472722079405884,0.0428841333333333,0.046,0.18589690763224243,0.1865827559623896,E
htft_h1ou_25,,home/away&over,500,0.004427306483861753,0.0037681333333333335,0.004,0.026289134251582226,0.026099243072217157,E
htft_h1ou_25,,home/away&under,500,0.02213653241930877,0.019133999999999988,0.034,0.15812604260412144,0.15118200830840992,E
htft_h1ou_25,,draw/home&over,500,0.004141673807483576,0.004096533333333331,0.006,0.03667148237397403,0.03704530427700757,E
htft_h1ou_25,,draw/home&under,500,0.1381033990288489,0.14321773333333332,0.144,0.39119525766748775,0.41230306786625626,E
htft_h1ou_25,,draw/draw&over,500,0.004141673807483576,0.0030144000000000013,0.006,0.037973517990300146,0.0370453042770075,E
htft_h1ou_25,,draw/draw&under,500,0.14267352185089974,0.14679773333333324,0.16,0.4324123119385902,0.44085805339929796,E
htft_h1ou_25,,draw/away&over,500,0.002713510425592688,0.002467066666666666,0.004,0.026720114990866576,0.026344378363293872,E
htft_h1ou_25,,draw/away&under,500,0.1086832333618966,0.1131797333333332,0.084,0.2852524681986076,0.291813433734648,E
htft_h1ou_25,,away/home&over,500,0.008426163953156242,0.003059466666666665,0.002,0.014100347637974091,0.017997768347032584,E
htft_h1ou_25,,away/home&under,500,0.023850328477577835,0.022630799999999993,0.026,0.11981696928643418,0.12064661871183552,E
htft_h1ou_25,,away/draw&over,500,0.008426163953156242,0.008123333333333337,0.006,0.03599732051595262,0.03706957551842218,E
htft_h1ou_25,,away/draw&under,500,0.04355898314767209,0.039948666666666646,0.038,0.1603394510244479,0.16192207796206054,E
htft_h1ou_25,,away/away&over,500,0.03784632962010854,0.039057466666666596,0.038,0.1557733118355904,0.1615354272029788,E
htft_h1ou_25,,away/away&under,500,0.14238788917452155,0.14808626666666672,0.126,0.3494661272040316,0.3798485845341104,E
dc_btts,,1x&yes,500,0.40059982862039417,0.37051600000000007,0.4,0.6700046886949361,0.6730124163317357,E
dc_btts,,1x&no,500,0.28206226792345046,0.30379133333333325,0.31,0.5809476545286286,0.6209914835928189,E
dc_btts,,12&yes,500,0.35889745786918026,0.3502674666666663,0.34,0.6444574398760651,0.6418177811537158,E
dc_btts,,12&no,500,0.38431876606683807,0.40180560000000004,0.4,0.6662417292964371,0.6735287363755662,E
dc_btts,,x2&yes,500,0.3503284775778349,0.3291765333333333,0.316,0.6025471821447514,0.6264486235510491,E
dc_btts,,x2&no,500,0.2240788346186804,0.24444306666666685,0.234,0.5117886317839361,0.5443447555166104,E
dc_btts_h1,,1x&yes,500,0.15152813481862326,0.13279533333333338,0.144,0.4067980490798266,0.41238220096168576,E
dc_btts_h1,,1x&no,500,0.5311339617252213,0.5415120000000005,0.566,0.6579190200466227,0.6868595821573291,E
dc_btts_h1,,12&yes,500,0.1498143387603542,0.14001386666666657,0.136,0.3985818652099569,0.39840441156818135,E
dc_btts_h1,,12&no,500,0.5934018851756641,0.6120592,0.604,0.6686652845680715,0.6715898557496216,E
dc_btts_h1,,x2&yes,500,0.12296486718080549,0.11519986666666661,0.108,0.3288320746955382,0.3433902511345888,E
dc_btts_h1,,x2&no,500,0.4514424450157098,0.4584197333333335,0.442,0.6465469074932189,0.6865842608982952,E
dc_btts_h2,,1x&yes,500,0.19265924021708083,0.17999706666666693,0.222,0.5358470659416404,0.5320961065431132,E
dc_btts_h2,,1x&no,500,0.49000285632676377,0.49431026666666644,0.488,0.6447451039780071,0.6928671794313318,E
dc_btts_h2,,12&yes,500,0.18580405598400457,0.19036959999999992,0.184,0.4706092280629336,0.4774157698105369,E
dc_btts_h2,,12&no,500,0.5574121679520138,0.5617034666666663,0.556,0.6777685836320868,0.6868660425044304,E
dc_btts_h2,,x2&yes,500,0.16923736075407025,0.15572773333333345,0.162,0.42497915319987334,0.4431599438391793,E
dc_btts_h2,,x2&no,500,0.405169951442445,0.41789186666666667,0.388,0.6373002452707154,0.6684595653929959,E
h1_dc_ou_15,,1x&over,500,0.2643530419880034,0.2439977333333332,0.238,0.5330346584077142,0.550589583153146,E
h1_dc_ou_15,,1x&under,500,0.47200799771493857,0.4950962666666665,0.526,0.6807115082466094,0.6976309612763224,E
h1_dc_ou_15,,12&over,500,0.24178806055412738,0.23181839999999998,0.218,0.5153082428027811,0.5259448320491602,E
h1_dc_ou_15,,12&under,500,0.35861182519280205,0.3554083999999999,0.378,0.661972959068371,0.6638874790924693,E
h1_dc_ou_15,,x2&over,500,0.22436446729505855,0.21075773333333328,0.212,0.5063730964940168,0.5170396584729618,E
h1_dc_ou_15,,x2&under,500,0.43916023993144815,0.46292146666666667,0.428,0.6830325781722649,0.6829963811530035,E
h1_dc_btts,,1x&yes,500,0.1726649528706084,0.15651520000000008,0.16,0.4370923283292992,0.44024260569507606,E
h1_dc_btts,,1x&no,500,0.5636960868323336,0.5825788000000002,0.604,0.6518629054589143,0.6746858026583975,E
h1_dc_btts,,12&yes,500,0.08868894601542417,0.08253599999999994,0.078,0.2680284271253991,0.274591421357182,E
h1_dc_btts,,12&no,500,0.5117109397315053,0.5046908000000002,0.518,0.6967094211918065,0.6925782061445003,E
h1_dc_btts,,x2&yes,500,0.16295344187375035,0.14895786666666666,0.15,0.4220001611801933,0.4233378600303327,E
h1_dc_btts,,x2&no,500,0.5005712653527563,0.5247213333333337,0.49,0.6782000640707155,0.6931706838726317,E
h1_x12_btts,,home&yes,500,0.049271636675235646,0.045046666666666686,0.044,0.17155859986437036,0.18076160087495813,E
h1_x12_btts,,home&no,500,0.2874892887746358,0.2812741333333333,0.316,0.6088977845283255,0.625764885795486,E
h1_x12_btts,,draw&yes,500,0.12353613253356184,0.11146853333333329,0.116,0.35989117841619633,0.3591457673985507,E
h1_x12_btts,,draw&no,500,0.2763496143958869,0.30130466666666667,0.288,0.6050509347270717,0.6006876768421636,E
h1_x12_btts,,away&yes,500,0.039560125678377606,0.037489333333333354,0.034,0.13981829244595942,0.14880926678618306,E
h1_x12_btts,,away&no,500,0.22436446729505855,0.2234166666666664,0.202,0.4720351409953745,0.5046355492751695,E
h1_x12_ou_15,,home&over,500,0.14095972579263066,0.13252919999999996,0.122,0.3512206299884745,0.3724351469608193,E
h1_x12_ou_15,,home&under,500,0.1958011996572408,0.19379160000000017,0.238,0.5422187885612938,0.5541424779347646,E
h1_x12_ou_15,,draw&over,500,0.12353613253356184,0.11146853333333329,0.116,0.35989117841619633,0.3591457673985507,E
h1_x12_ou_15,,draw&under,500,0.2763496143958869,0.30130466666666667,0.288,0.6050509347270717,0.6006876768421636,E
h1_x12_ou_15,,away&over,500,0.10097115109968581,0.09928920000000008,0.096,0.28894884202117477,0.3163422619720234,E
h1_x12_ou_15,,away&under,500,0.16295344187375035,0.16161680000000006,0.14,0.39295823800506335,0.4069737083641893,E
h2_x12_ou_15,,home&over,500,0.19294487289345902,0.19234160000000006,0.204,0.47806070872042494,0.5062847440653726,E
h2_x12_ou_15,,home&under,500,0.1775207083690374,0.17453373333333352,0.172,0.44861694344973313,0.45914857219924327,E
h2_x12_ou_15,,draw&over,500,0.13667523564695802,0.13238453333333328,0.16,0.43826585620709535,0.4418736779210699,E
h2_x12_ou_15,,draw&under,500,0.19123107683518994,0.20776666666666666,0.21,0.5021235671560086,0.5150684866895578,E
h2_x12_ou_15,,away&over,500,0.1472436446729506,0.14148706666666666,0.122,0.3623935635472161,0.3735604008962844,E
h2_x12_ou_15,,away&under,500,0.15495572693516138,0.15148639999999997,0.132,0.3839288728946512,0.392271202962601,E
h2_x12_btts,,home&yes,500,0.07640674093116252,0.0735249333333333,0.084,0.2857008016972001,0.2888283718502686,E
h2_x12_btts,,home&no,500,0.2940588403313339,0.29335039999999996,0.292,0.5630486726895639,0.6039429740411726,E
h2_x12_btts,,draw&yes,500,0.13667523564695802,0.13238453333333328,0.16,0.43826585620709535,0.4418736779210699,E
h2_x12_btts,,draw&no,500,0.19123107683518994,0.20776666666666666,0.21,0.5021235671560086,0.5150684866895578,E
h2_x12_btts,,away&yes,500,0.06098257640674093,0.05713773333333335,0.04,0.16647141480005365,0.17229107822133924,E
h2_x12_btts,,away&no,500,0.24121679520137104,0.23583573333333352,0.214,0.506914642499616,0.5212874571272988,E
h2_dc_ou_15,,1x&over,500,0.32947729220222793,0.3247261333333335,0.364,0.6521421865559752,0.6583379584548231,E
h2_dc_ou_15,,1x&under,500,0.3686089688660383,0.38230040000000015,0.382,0.6531967764776738,0.6654181034374822,E
h2_dc_ou_15,,12&over,500,0.34004570122822053,0.33382866666666683,0.326,0.621232375790328,0.6317522146333339,E
h2_dc_ou_15,,12&under,500,0.3323336189660097,0.32602013333333335,0.304,0.6155177618473258,0.6160520404316526,E
h2_dc_ou_15,,x2&over,500,0.2837760639817195,0.2738715999999999,0.282,0.5699625420030157,0.5948401042306464,E
h2_dc_ou_15,,x2&under,500,0.34604398743216225,0.35925306666666706,0.342,0.6224892009225991,0.6423893624669905,E
h2_dc_btts,,1x&yes,500,0.21293916023993145,0.20590946666666646,0.244,0.5594730458725978,0.5584306980562918,E
h2_dc_btts,,1x&no,500,0.4851471008283348,0.5011170666666663,0.502,0.6631599401378127,0.6937074507379133,E
h2_dc_btts,,12&yes,500,0.13724650099971436,0.13066266666666668,0.124,0.3691172519132788,0.37558171484076014,E
h2_dc_btts,,12&no,500,0.5351328191945158,0.5291861333333326,0.506,0.6936261920918506,0.6947773453315232,E
h2_dc_btts,,x2&yes,500,0.19751499571550984,0.18952226666666674,0.2,0.48851944534306807,0.5004218422918985,E
h2_dc_btts,,x2&no,500,0.4323050556983719,0.44360240000000006,0.424,0.6561074491007616,0.6816910268864607,E
or_home_over25,,yes,500,0.6973721793773208,0.6806815999999999,0.694,0.5963753790313508,0.6158895822257179,E
or_home_over25,,no,500,0.30262782062267923,0.3193183999999998,0.306,0.596375379031351,0.6158895822257179,E
or_home_under25,,yes,500,0.7282205084261639,0.7456987999999993,0.756,0.5142827532591306,0.5576409167766503,E
or_home_under25,,no,500,0.2717794915738361,0.25430120000000017,0.244,0.5142827532591308,0.5576409167766503,E
or_home_btts,,yes,500,0.7759211653813196,0.755556933333333,0.766,0.5117886317839361,0.5443447555166104,E
or_home_btts,,no,500,0.2240788346186804,0.24444306666666685,0.234,0.5117886317839361,0.5443447555166104,E
or_home_clean_sheet,,yes,500,0.6496715224221651,0.6708234666666668,0.684,0.6025471821447514,0.6264486235510491,E
or_home_clean_sheet,,no,500,0.3503284775778349,0.3291765333333333,0.316,0.6025471821447514,0.6264486235510491,E
or_draw_over25,,yes,500,0.7245072836332477,0.7063528000000007,0.716,0.5980516478165806,0.5968717613516411,E
or_draw_over25,,no,500,0.2754927163667524,0.2936472,0.284,0.5980516478165807,0.5968717613516411,E
or_draw_under25,,yes,500,0.532276492430734,0.5415741333333333,0.544,0.6905641088074547,0.689546504678271,E
or_draw_under25,,no,500,0.46772350756926595,0.4584258666666666,0.456,0.6905641088074547,0.689546504678271,E
or_draw_btts,,yes,500,0.615681233933162,0.5981944000000005,0.6,0.6662417292964372,0.6735287363755662,E
or_draw_btts,,no,500,0.38431876606683807,0.40180560000000004,0.4,0.6662417292964371,0.6735287363755662,E
or_draw_clean_sheet,,yes,500,0.6411025421308197,0.6497325333333328,0.66,0.6444574398760651,0.6418177811537158,E
or_draw_clean_sheet,,no,500,0.35889745786918026,0.3502674666666663,0.34,0.6444574398760651,0.6418177811537158,E
or_away_over25,,yes,500,0.6613824621536704,0.6489842666666673,0.646,0.6332167541822188,0.6504121962608914,E
or_away_over25,,no,500,0.33861753784632964,0.3510157333333334,0.354,0.6332167541822188,0.6504121962608914,E
or_away_under25,,yes,500,0.655955441302485,0.6767083999999999,0.644,0.645567644533732,0.6513969358779111,E
or_away_under25,,no,500,0.344044558697515,0.3232915999999999,0.356,0.6455676445337319,0.6513969358779113,E
or_away_btts,,yes,500,0.7179377320765495,0.6962086666666667,0.69,0.5809476545286285,0.6209914835928189,E
or_away_btts,,no,500,0.28206226792345046,0.30379133333333325,0.31,0.5809476545286286,0.6209914835928189,E
or_away_clean_sheet,,yes,500,0.5994001713796058,0.6294839999999999,0.6,0.6700046886949361,0.6730124163317357,E
or_away_clean_sheet,,no,500,0.40059982862039417,0.37051600000000007,0.4,0.6700046886949361,0.6730124163317357,E
