family,market,selections,model_ll,base_ll,mean_pred,actual,skill
B,1x2_h1,3,0.6030009679739998,0.625909059015075,0.3333333333333335,0.3333333333333333,0.03659971158928921
B,1x2_h2,3,0.6068629031234444,0.632470613170883,0.3333333333333333,0.3333333333333333,0.040488379245092077
B,asian_handicap_h1,14,0.405803509490726,0.4430001509081941,0.5000000000000001,0.5,0.08396530191064566
B,asian_handicap_h2,14,0.45717516760871907,0.4907176037918371,0.49999999999999994,0.5,0.06835384735320549
B,away_scores_both_halves,2,0.4794619444752132,0.5083596140122686,0.5000000000000004,0.5,0.05684493563321891
B,away_wins_both_halves,2,0.21369686485604833,0.23694408340156783,0.5000000000000002,0.5,0.09811267794402201
B,away_wins_either_half,2,0.6306371606138458,0.6878346910317858,0.5000000000000001,0.5,0.0831559256369302
B,both_halves_over_15,2,0.4564355812401208,0.47141248812235015,0.5000000000000002,0.5,0.03177028029504014
B,both_halves_under_15,2,0.6453142672643677,0.6542472459140557,0.4999999999999999,0.5,0.013653826906382505
B,btts_both_halves,2,0.31041430021983757,0.3099095420308208,0.4999999999999999,0.5,-0.0016287274851529698
B,btts_h1,2,0.49069128353869507,0.49297096387709466,0.49999999999999994,0.5,0.0046243704101159855
B,btts_h2,2,0.5893597756978499,0.5969523256160628,0.5000000000000002,0.5,0.012718854743345331
B,clean_sheet_away_h1,2,0.6782000640707155,0.6931706838726317,0.5000000000000001,0.5,0.021597306623352464
B,clean_sheet_away_h2,2,0.6561074491007615,0.6816910268864607,0.49999999999999994,0.5,0.03752957979005389
B,clean_sheet_home_h1,2,0.6518629054589143,0.6746858026583975,0.49999999999999994,0.5,0.033827445470997586
B,clean_sheet_home_h2,2,0.6631599401378125,0.6937074507379133,0.5,0.5,0.04403514848745915
B,correct_score_h1,10,0.28042749185821036,0.2857645092631337,0.10000000000000005,0.1,0.018676277955877896
B,correct_score_h2,10,0.3012199575507264,0.3071978507172489,0.10000000000000002,0.1,0.019459423796635567
B,double_chance_h1,3,0.6030009679739998,0.625909059015075,0.6666666666666665,0.6666666666666666,0.03659971158928921
B,double_chance_h2,3,0.6068629031234444,0.632470613170883,0.666666666666667,0.6666666666666666,0.040488379245092077
B,draw_no_bet_h1,2,0.5888501992547175,0.6751957447753189,0.5000000000000003,0.5,0.12788224183689734
B,draw_no_bet_h2,2,0.6112676226424638,0.6785988198110308,0.5,0.5,0.09922091698791435
B,exact_goals_h1,4,0.5366182771258452,0.5381086610430876,0.24999999999999994,0.25,0.0027696709329179114
B,exact_goals_h2,4,0.5513773786194112,0.5578746008289224,0.24999999999999997,0.25,0.011646384689063205
B,gg_ng_each_half,4,0.44999145059364437,0.45452572404756925,0.25,0.25,0.009975834620639223
B,handicap_3way_h1,9,0.36231625039186727,0.381423831993375,0.33333333333333326,0.3333333333333333,0.050095405684665195
B,handicap_3way_h2,9,0.4048682835708844,0.42435003906737284,0.3333333333333334,0.3333333333333333,0.04590963521366709
B,highest_scoring_half,3,0.6171237848392536,0.6188220549217257,0.3333333333333333,0.3333333333333333,0.0027443593339396832
B,highest_scoring_half_away,3,0.6138416873212095,0.6234084749280879,0.3333333333333333,0.3333333333333333,0.015345937682322952
B,highest_scoring_half_home,3,0.6216854579972453,0.6313636025446248,0.3333333333333332,0.3333333333333333,0.015328955467773353
B,home_scores_both_halves,2,0.6099883594767844,0.6288417155313241,0.4999999999999999,0.5,0.02998108361594609
B,home_wins_both_halves,2,0.3615467420842008,0.4014809567138145,0.5000000000000001,0.5,0.0994672697716017
B,home_wins_either_half,2,0.6151026304489633,0.6748907530975856,0.5,0.5,0.08858933445777595
B,ht_ft,9,0.3085899388214959,0.320036776978484,0.11111111111111113,0.1111111111111111,0.03576725857902785
B,ht_or_ft_result,3,0.6349639799483996,0.6809944170183918,0.4698894222222219,0.466,0.06759297274642573
B,multigoals_h1,5,0.5389862830397404,0.5386665834174563,0.37627490666666674,0.37679999999999997,-0.0005935018657661217
B,multigoals_h2,5,0.5381456763892547,0.5438247474980195,0.3967348533333334,0.40119999999999995,0.010442833164346688
B,odd_even_away_h1,2,0.6123725039760436,0.6173504929713183,0.49999999999999994,0.5,0.008063472941141625
B,odd_even_away_h2,2,0.6476732889920589,0.6582685146425009,0.5,0.5,0.01609559839907604
B,odd_even_h1,2,0.6926618882372106,0.6905529366277756,0.5,0.5,-0.003054004258868037
B,odd_even_h2,2,0.6881382152288058,0.6913744174380846,0.5,0.5,0.004680824351688706
B,odd_even_home_h1,2,0.6650320855289492,0.6683490567683785,0.4999999999999998,0.5,0.004962932476433202
B,odd_even_home_h2,2,0.6671392533321092,0.6696636522905199,0.4999999999999999,0.5,0.0037696520481234064
B,ou_away_h1,4,0.48813528435677433,0.512695402383331,0.4999999999999999,0.5,0.0479039170477944
B,ou_away_h2,4,0.5362954991075268,0.5603942872376523,0.5,0.5,0.043003272301213924
B,ou_home_h1,4,0.5328895883971274,0.5494132679153042,0.5000000000000002,0.5,0.030075137393158147
B,ou_home_h2,4,0.5878515749287212,0.6121096927888154,0.4999999999999999,0.5,0.039630344276321616
B,ou_total_h1,10,0.5406614879739691,0.545809852078745,0.5,0.5,0.009432523222452138
B,ou_total_h2,10,0.5671708248997416,0.5829741596232628,0.49999999999999983,0.5,0.027108122139982815
B,win_to_nil_away_h1,2,0.4720351409953745,0.5046355492751695,0.49999999999999967,0.5,0.06460188610695461
B,win_to_nil_away_h2,2,0.506914642499616,0.5212874571272988,0.5000000000000001,0.5,0.027571763776723546
B,win_to_nil_home_h1,2,0.6088977845283255,0.625764885795486,0.49999999999999994,0.5,0.02695437479800189
B,win_to_nil_home_h2,2,0.5630486726895639,0.6039429740411726,0.4999999999999998,0.5,0.06771218990755368
C,away_win_from_behind,2,0.2356571947638687,0.23251620583386406,0.49999999999999994,0.5,-0.013508688216979259
C,double_chance_1up,3,0.5514863567199985,0.5937023047771253,0.7068010666666665,0.7093333333333334,0.07110625597617415
C,first_goal,3,0.49955452597175287,0.5408820218611093,0.33333333333333365,0.3333333333333333,0.07640759762573279
C,goals_in_a_row_any,4,0.5910489192201428,0.6045499864541661,0.5,0.5,0.022332425004606193
C,goals_in_a_row_away,4,0.39697745846850807,0.43115541099365956,0.5000000000000002,0.5,0.0792706102107903
C,goals_in_a_row_home,4,0.49491451507231815,0.5295097250685616,0.5000000000000002,0.5,0.06533441853549349
C,home_win_from_behind,2,0.24143685090634565,0.24405501499907412,0.49999999999999994,0.5,0.010727761905398259
C,last_goal,3,0.5254079345251226,0.5432010299344084,0.3333333333333333,0.3333333333333333,0.03275600455219019
C,lead_by_any,6,0.4697548552896744,0.48174581329209226,0.5,0.5,0.024890632511107014
C,lead_by_away,6,0.41891809903208715,0.4672559212404473,0.49999999999999994,0.5,0.10345042194443543
C,lead_by_home,6,0.4986624657088716,0.5482936055439385,0.5,0.5,0.0905192753175188
C,x12_1up,3,0.5972194412294937,0.6444032251001696,0.43885608888888905,0.4466666666666667,0.07322089963677847
C,x12_2up,3,0.5829833296584637,0.6301081902708189,0.34444075555555537,0.35000000000000003,0.0747885225743552
C,x12_never_down,3,0.5514863567199985,0.5937023047771253,0.29319893333333324,0.2906666666666667,0.07110625597617415
D,first_goal_10,10,0.3069836467723384,0.30824653366135474,0.1,0.1,0.004097002727056598
D,first_goal_15,7,0.3792487721117913,0.38084602032872866,0.14285714285714282,0.14285714285714285,0.004193947505500173
D,ou_by_min_10,6,0.19842633795416012,0.1997495521613547,0.5,0.5,0.0066243663271180475
D,ou_by_min_15,6,0.2655693743937102,0.2664600579974942,0.5000000000000001,0.5,0.003342653343535673
D,ou_by_min_20,6,0.32540478012855073,0.3266136099018587,0.49999999999999994,0.5,0.003701100433846638
D,ou_by_min_25,6,0.3926348013975407,0.3925888640443654,0.5000000000000001,0.5,-0.00011701135050556921
D,ou_by_min_30,6,0.43465101307486237,0.43678163414633303,0.5000000000000001,0.5,0.00487800059550314
D,ou_by_min_35,6,0.4767594269013113,0.481191097254708,0.49999999999999983,0.5,0.009209792904898428
D,ou_by_min_40,6,0.4978157944516773,0.5011593251460588,0.49999999999999983,0.5,0.006671592299329232
D,ou_by_min_5,6,0.11705956748079088,0.11742468041901982,0.49999999999999933,0.5,0.003109337295414072
D,ou_by_min_50,6,0.5480985432235933,0.5561513393921024,0.49999999999999994,0.5,0.014479505124110892
D,ou_by_min_55,6,0.5563049659411536,0.5663624778457929,0.49999999999999994,0.5,0.01775808302642823
D,ou_by_min_60,6,0.5624381411655239,0.5761860408366816,0.5000000000000001,0.5,0.023860174833798986
D,ou_by_min_65,6,0.5526293453715073,0.5646962216558412,0.5000000000000001,0.5,0.021368792319790164
D,ou_by_min_70,6,0.5566779818935992,0.5659688969040179,0.49999999999999994,0.5,0.01641594628475551
D,ou_by_min_75,6,0.5531113925909646,0.5631606588587155,0.5000000000000001,0.5,0.017844403918619522
D,ou_by_min_80,6,0.5384917339445622,0.5491023993011054,0.5000000000000002,0.5,0.019323655059690914
D,ou_by_min_85,6,0.5268926086085547,0.5374179067707089,0.49999999999999983,0.5,0.01958494130833799
D,x12_by_min_10,3,0.3705225742748742,0.37715218157228403,0.33333333333333365,0.3333333333333333,0.017578069599841983
D,x12_by_min_15,3,0.4531838423117129,0.4639555616369966,0.33333333333333315,0.3333333333333333,0.02321713589826868
D,x12_by_min_20,3,0.5068631874230888,0.5189045517803823,0.3333333333333335,0.3333333333333333,0.02320535504261645
D,x12_by_min_25,3,0.5428155084270198,0.5571921327230127,0.3333333333333333,0.3333333333333333,0.025801915446533652
D,x12_by_min_30,3,0.569019184211641,0.5855985199688495,0.3333333333333334,0.3333333333333333,0.028311778790169106
D,x12_by_min_35,3,0.5897715890163583,0.608385465319622,0.33333333333333326,0.3333333333333333,0.030595530899944712
D,x12_by_min_40,3,0.5974538086688618,0.618680122903597,0.3333333333333333,0.3333333333333333,0.034309028929385366
D,x12_by_min_5,3,0.2427093663083122,0.24542692979196867,0.33333333333333326,0.3333333333333333,0.011072800714901021
D,x12_by_min_50,3,0.6014397781352896,0.6281046878644011,0.33333333333333365,0.3333333333333333,0.042452970411308355
D,x12_by_min_55,3,0.6027051624444139,0.6298083416652105,0.3333333333333333,0.3333333333333333,0.043034011186857124
D,x12_by_min_60,3,0.5952039949598137,0.6308993712295097,0.3333333333333333,0.3333333333333333,0.05657855736982609
D,x12_by_min_65,3,0.5861730298834309,0.6299281087034094,0.33333333333333326,0.3333333333333333,0.06946043241353406
D,x12_by_min_70,3,0.5813715161124869,0.629393530678286,0.3333333333333332,0.3333333333333333,0.07629886903039274
D,x12_by_min_75,3,0.5844688513334929,0.627568645870667,0.3333333333333335,0.3333333333333333,0.0686774185115302
D,x12_by_min_80,3,0.580616663842393,0.6254190476737794,0.3333333333333332,0.3333333333333333,0.07163578403636262
D,x12_by_min_85,3,0.5800881961098512,0.6230598927724298,0.3333333333333333,0.3333333333333333,0.06896880566548336
E,dc_btts,6,0.612664554387459,0.630023966086916,0.3333333333333333,0.3333333333333333,0.027553573568441236
E,dc_btts_h1,6,0.5178905335155392,0.5332017604116169,0.3333333333333335,0.3333333333333333,0.028715634555028346
E,dc_btts_h2,6,0.5652082300142095,0.5834774345869312,0.33333333333333326,0.3333333333333333,0.031310901655786094
E,dc_ou_15,6,0.5499672994404301,0.5706347511009255,0.3333333333333335,0.3333333333333333,0.03621835442132071
E,dc_ou_25,6,0.613009714605078,0.6269596495285138,0.3333333333333333,0.3333333333333333,0.022250131940590445
E,dc_ou_35,6,0.5696369943536794,0.5938717285732332,0.3333333333333333,0.3333333333333333,0.04080802815412232
E,dc_ou_45,6,0.4773607449145585,0.49874425598503946,0.3333333333333332,0.3333333333333333,0.04287470144041605
E,first_goal_x12,7,0.34588325973998646,0.36515085312693113,0.14285714285714285,0.14285714285714285,0.05276611904901396
E,h1_dc_btts,6,0.525648884559388,0.5331010966263534,0.3333333333333335,0.3333333333333333,0.013978984688130636
E,h1_dc_ou_15,6,0.5967388405319596,0.6063481491995105,0.33333333333333326,0.3333333333333333,0.01584784035415454
E,h1_x12_btts,6,0.3928753218295496,0.40330079116208517,0.1666666666666666,0.16666666666666666,0.02585035675852576
E,h1_x12_ou_15,6,0.42338143528654576,0.43495450657875184,0.1666666666666667,0.16666666666666666,0.026607544276841977
E,h2_dc_btts,6,0.5716672207432283,0.584101679690808,0.33333333333333315,0.3333333333333333,0.021288175295372858
E,h2_dc_ou_15,6,0.6224234739328196,0.6347982972758214,0.3333333333333335,0.3333333333333333,0.01949410292388498
E,h2_x12_btts,6,0.41042082584158956,0.4238820076417846,0.16666666666666666,0.16666666666666666,0.031756907718458405
E,h2_x12_ou_15,6,0.4355649186625215,0.4480345141223548,0.1666666666666667,0.16666666666666666,0.02783177426466732
E,htft_h1ou_05,18,0.16882789014162247,0.17422236047638065,0.05555555555555555,0.05555555555555555,0.03096313423838326
E,htft_h1ou_15,18,0.19073506685213826,0.1965395430363564,0.05555555555555555,0.05555555555555555,0.029533375800840367
E,htft_h1ou_25,18,0.17452209294465926,0.1804130905374912,0.05555555555555554,0.05555555555555555,0.03265282788117718
E,htft_ou_15,18,0.183422121795809,0.1896530817725525,0.05555555555555555,0.05555555555555555,0.032854514772484356
E,htft_ou_25,18,0.19030057026527228,0.19563352119571864,0.05555555555555555,0.05555555555555555,0.027259903608804814
E,htft_ou_35,18,0.18947714480519195,0.19583540192011933,0.055555555555555566,0.05555555555555555,0.03246735295348124
E,htft_ou_45,18,0.17887791796562874,0.18500897471853334,0.055555555555555566,0.05555555555555555,0.033139239662466013
E,or_away_btts,2,0.5809476545286285,0.6209914835928189,0.5,0.5,0.0644837008593292
E,or_away_clean_sheet,2,0.6700046886949361,0.6730124163317357,0.5,0.5,0.004469052225207437
E,or_away_over25,2,0.6332167541822188,0.6504121962608914,0.5000000000000003,0.5,0.026437760819256306
E,or_away_under25,2,0.6455676445337319,0.6513969358779113,0.4999999999999999,0.5,0.008948908143577516
E,or_draw_btts,2,0.6662417292964371,0.6735287363755662,0.5000000000000002,0.5,0.010819147997073397
E,or_draw_clean_sheet,2,0.6444574398760651,0.6418177811537158,0.49999999999999956,0.5,-0.004112785279342557
E,or_draw_over25,2,0.5980516478165807,0.5968717613516411,0.5000000000000003,0.5,-0.001976783861021847
E,or_draw_under25,2,0.6905641088074547,0.689546504678271,0.49999999999999994,0.5,-0.0014757585199542955
E,or_home_btts,2,0.5117886317839361,0.5443447555166104,0.4999999999999999,0.5,0.0598079129131629
E,or_home_clean_sheet,2,0.6025471821447514,0.6264486235510491,0.5,0.5,0.03815387329101527
E,or_home_over25,2,0.5963753790313508,0.6158895822257179,0.49999999999999983,0.5,0.03168458073904434
E,or_home_under25,2,0.5142827532591308,0.5576409167766503,0.4999999999999998,0.5,0.077752837378118
E,ou_25_btts,4,0.5088208120740494,0.5121485043252386,0.24999999999999994,0.25,0.006497514340246924
E,x12_btts,6,0.4210104507544643,0.43966305977590964,0.16666666666666674,0.16666666666666666,0.04242478099240887
E,x12_ou_15,6,0.3986601409744295,0.41963004468994153,0.1666666666666666,0.16666666666666666,0.04997236013214068
E,x12_ou_25,6,0.41880907033096887,0.43556912383837126,0.16666666666666674,0.16666666666666666,0.038478516015340025
E,x12_ou_35,6,0.4075452683284397,0.4291514701646109,0.16666666666666666,0.16666666666666666,0.05034633069737282
E,x12_ou_45,6,0.3695464655148977,0.3906409356928147,0.16666666666666666,0.16666666666666666,0.05399964071994978
