half_life,ridge,1x2_logloss,1x2_rps,ou25_logloss,btts_logloss
730,2.0,0.979711774591789,0.20338685604909937,0.6809657277856914,0.6907942742586894
365,2.0,0.9800417020692501,0.20323544197142826,0.6846415965472222,0.6915776236760749
730,0.5,0.980181426541747,0.20353285217893052,0.682876909501238,0.6921927598428138
365,0.5,0.9805691625271133,0.2033484302834836,0.6872314546987992,0.6932418845469368
730,8.0,0.9808720443467743,0.20375065053105904,0.6798871623396322,0.690246999779901
365,8.0,0.982891291461578,0.20418896904993664,0.6825876971477254,0.6912557652749015
180,2.0,0.9851311478479893,0.20449847978100935,0.6924281596294051,0.694637700453199
730,20.0,0.9861839931400433,0.20541700364114954,0.6803150488597158,0.6914093648658366
180,0.5,0.9865884555110789,0.20477741915794964,0.6974291820449907,0.6973272826154742
180,8.0,0.99057214383009,0.2063848588478297,0.6875325125993416,0.6939590743064211
365,20.0,0.9924180344301803,0.2072493001102003,0.6828048789663078,0.6930008159092628
90,2.0,0.9963642199354058,0.20771840321804952,0.7015891058777484,0.6987023830252217
730,50.0,1.0004167343496064,0.21005354622084996,0.6824831034219094,0.6941141086946133
90,0.5,1.0009967623084364,0.2086544917954346,0.710943235751405,0.7035915467381901
90,8.0,1.0047950731499173,0.2107767729834136,0.6929502544450595,0.696905036751069
180,20.0,1.0060677916781522,0.2115554985087944,0.6871020050466559,0.695603901874461
365,50.0,1.0124488148577675,0.21399806551633357,0.6852250683389902,0.6957807247003193
90,20.0,1.0247419217692078,0.21771919721701216,0.6919490012551556,0.6976686024452518
180,50.0,1.0299869844750378,0.21995527393252554,0.6892559716141988,0.6974548574056691
90,50.0,1.0470207831237044,0.22576846015885013,0.6933774272748362,0.698371657765116
