league,canonical,source,alias
EPL,Arsenal,*,Arsenal
EPL,Aston Villa,*,Aston Villa
EPL,AFC Bournemouth,*,AFC Bournemouth
EPL,AFC Bournemouth,*,Bournemouth
EPL,Brentford,*,Brentford
EPL,Brighton & Hove Albion,*,Brighton & Hove Albion
EPL,Brighton & Hove Albion,*,Brighton
EPL,Burnley,*,Burnley
EPL,Cardiff City,*,Cardiff City
EPL,Cardiff City,*,Cardiff
EPL,Chelsea,*,Chelsea
EPL,Coventry City,*,Coventry City
EPL,Coventry City,*,Coventry
EPL,Crystal Palace,*,Crystal Palace
EPL,Everton,*,Everton
EPL,Fulham,*,Fulham
EPL,Huddersfield Town,*,Huddersfield Town
EPL,Huddersfield Town,*,Huddersfield
EPL,Hull City,*,Hull City
EPL,Hull City,*,Hull
EPL,Ipswich Town,*,Ipswich Town
EPL,Ipswich Town,*,Ipswich
EPL,Leeds United,*,Leeds United
EPL,Leeds United,*,Leeds
EPL,Leicester City,*,Leicester City
EPL,Leicester City,*,Leicester
EPL,Liverpool,*,Liverpool
EPL,Luton Town,*,Luton Town
EPL,Luton Town,*,Luton
EPL,Manchester City,*,Manchester City
EPL,Manchester City,*,Man City
EPL,Manchester United,*,Manchester United
EPL,Manchester United,*,Man United
EPL,Middlesbrough,*,Middlesbrough
EPL,Newcastle United,*,Newcastle United
EPL,Newcastle United,*,Newcastle
EPL,Norwich City,*,Norwich City
EPL,Norwich City,*,Norwich
EPL,Nottingham Forest,*,Nottingham Forest
EPL,Nottingham Forest,*,Nott'm Forest
EPL,Sheffield United,*,Sheffield United
EPL,Sheffield United,*,Sheffield Utd
EPL,Southampton,*,Southampton
EPL,Stoke City,*,Stoke City
EPL,Stoke City,*,Stoke
EPL,Sunderland,*,Sunderland
EPL,Swansea City,*,Swansea City
EPL,Swansea City,*,Swansea
EPL,Tottenham Hotspur,*,Tottenham Hotspur
EPL,Tottenham Hotspur,*,Tottenham
EPL,Watford,*,Watford
EPL,West Bromwich Albion,*,West Bromwich Albion
EPL,West Bromwich Albion,*,West Brom
EPL,West Ham United,*,West Ham United
EPL,West Ham United,*,West Ham
EPL,Wolverhampton Wanderers,*,Wolverhampton Wanderers
EPL,Wolverhampton Wanderers,*,Wolves
LALIGA,Alavés,*,Alavés
LALIGA,Alavés,*,Alaves
LALIGA,Almería,*,Almería
LALIGA,Almería,*,Almeria
LALIGA,Athletic Club,*,Athletic Club
LALIGA,Athletic Club,*,Ath Bilbao
LALIGA,Atlético Madrid,*,Atlético Madrid
LALIGA,Atlético Madrid,*,Ath Madrid
LALIGA,Barcelona,*,Barcelona
LALIGA,Real Betis,*,Real Betis
LALIGA,Real Betis,*,Betis
LALIGA,Cádiz,*,Cádiz
LALIGA,Cádiz,*,Cadiz
LALIGA,Celta Vigo,*,Celta Vigo
LALIGA,Celta Vigo,*,Celta
LALIGA,Eibar,*,Eibar
LALIGA,Elche,*,Elche
LALIGA,Espanyol,*,Espanyol
LALIGA,Espanyol,*,Espanol
LALIGA,Getafe,*,Getafe
LALIGA,Girona,*,Girona
LALIGA,Granada,*,Granada
LALIGA,Huesca,*,Huesca
LALIGA,Deportivo La Coruña,*,Deportivo La Coruña
LALIGA,Deportivo La Coruña,*,La Coruna
LALIGA,Deportivo La Coruña,*,Deportivo
LALIGA,Las Palmas,*,Las Palmas
LALIGA,Leganés,*,Leganés
LALIGA,Leganés,*,Leganes
LALIGA,Levante,*,Levante
LALIGA,Málaga,*,Málaga
LALIGA,Málaga,*,Malaga
LALIGA,Mallorca,*,Mallorca
LALIGA,Osasuna,*,Osasuna
LALIGA,Real Oviedo,*,Real Oviedo
LALIGA,Real Oviedo,*,Oviedo
LALIGA,Real Madrid,*,Real Madrid
LALIGA,Racing Santander,*,Racing Santander
LALIGA,Racing Santander,*,Santander
LALIGA,Sevilla,*,Sevilla
LALIGA,Real Sociedad,*,Real Sociedad
LALIGA,Real Sociedad,*,Sociedad
LALIGA,Sporting Gijón,*,Sporting Gijón
LALIGA,Sporting Gijón,*,Sp Gijon
LALIGA,Valencia,*,Valencia
LALIGA,Real Valladolid,*,Real Valladolid
LALIGA,Real Valladolid,*,Valladolid
LALIGA,Rayo Vallecano,*,Rayo Vallecano
LALIGA,Rayo Vallecano,*,Vallecano
LALIGA,Villarreal,*,Villarreal
BUNDESLIGA,FC Augsburg,*,FC Augsburg
BUNDESLIGA,FC Augsburg,*,Augsburg
BUNDESLIGA,Bayern Munich,*,Bayern Munich
BUNDESLIGA,Arminia Bielefeld,*,Arminia Bielefeld
BUNDESLIGA,Arminia Bielefeld,*,Bielefeld
BUNDESLIGA,VfL Bochum,*,VfL Bochum
BUNDESLIGA,VfL Bochum,*,Bochum
BUNDESLIGA,Darmstadt 98,*,Darmstadt 98
BUNDESLIGA,Darmstadt 98,*,Darmstadt
BUNDESLIGA,Borussia Dortmund,*,Borussia Dortmund
BUNDESLIGA,Borussia Dortmund,*,Dortmund
BUNDESLIGA,Eintracht Frankfurt,*,Eintracht Frankfurt
BUNDESLIGA,Eintracht Frankfurt,*,Ein Frankfurt
BUNDESLIGA,SV Elversberg,*,SV Elversberg
BUNDESLIGA,SV Elversberg,*,Elversberg
BUNDESLIGA,FC Cologne,*,FC Cologne
BUNDESLIGA,FC Cologne,*,FC Koln
BUNDESLIGA,Fortuna Düsseldorf,*,Fortuna Düsseldorf
BUNDESLIGA,Fortuna Düsseldorf,*,Fortuna Dusseldorf
BUNDESLIGA,SC Freiburg,*,SC Freiburg
BUNDESLIGA,SC Freiburg,*,Freiburg
BUNDESLIGA,Greuther Fürth,*,Greuther Fürth
BUNDESLIGA,Greuther Fürth,*,Greuther Furth
BUNDESLIGA,Hamburg SV,*,Hamburg SV
BUNDESLIGA,Hamburg SV,*,Hamburg
BUNDESLIGA,Hannover 96,*,Hannover 96
BUNDESLIGA,Hannover 96,*,Hannover
BUNDESLIGA,FC Heidenheim,*,FC Heidenheim
BUNDESLIGA,FC Heidenheim,*,Heidenheim
BUNDESLIGA,Hertha Berlin,*,Hertha Berlin
BUNDESLIGA,Hertha Berlin,*,Hertha
BUNDESLIGA,TSG Hoffenheim,*,TSG Hoffenheim
BUNDESLIGA,TSG Hoffenheim,*,Hoffenheim
BUNDESLIGA,Holstein Kiel,*,Holstein Kiel
BUNDESLIGA,FC Ingolstadt,*,FC Ingolstadt
BUNDESLIGA,FC Ingolstadt,*,Ingolstadt
BUNDESLIGA,Bayer Leverkusen,*,Bayer Leverkusen
BUNDESLIGA,Bayer Leverkusen,*,Leverkusen
BUNDESLIGA,Borussia Mönchengladbach,*,Borussia Mönchengladbach
BUNDESLIGA,Borussia Mönchengladbach,*,M'gladbach
BUNDESLIGA,Mainz,*,Mainz
BUNDESLIGA,1. FC Nürnberg,*,1. FC Nürnberg
BUNDESLIGA,1. FC Nürnberg,*,Nurnberg
BUNDESLIGA,SC Paderborn 07,*,SC Paderborn 07
BUNDESLIGA,SC Paderborn 07,*,Paderborn
BUNDESLIGA,RB Leipzig,*,RB Leipzig
BUNDESLIGA,Schalke 04,*,Schalke 04
BUNDESLIGA,St. Pauli,*,St. Pauli
BUNDESLIGA,St. Pauli,*,St Pauli
BUNDESLIGA,VfB Stuttgart,*,VfB Stuttgart
BUNDESLIGA,VfB Stuttgart,*,Stuttgart
BUNDESLIGA,1. FC Union Berlin,*,1. FC Union Berlin
BUNDESLIGA,1. FC Union Berlin,*,Union Berlin
BUNDESLIGA,Werder Bremen,*,Werder Bremen
BUNDESLIGA,VfL Wolfsburg,*,VfL Wolfsburg
BUNDESLIGA,VfL Wolfsburg,*,Wolfsburg
SERIEA,Atalanta,*,Atalanta
SERIEA,Benevento,*,Benevento
SERIEA,Bologna,*,Bologna
SERIEA,Brescia,*,Brescia
SERIEA,Cagliari,*,Cagliari
SERIEA,Carpi,*,Carpi
SERIEA,Chievo Verona,*,Chievo Verona
SERIEA,Chievo Verona,*,Chievo
SERIEA,Como,*,Como
SERIEA,Cremonese,*,Cremonese
SERIEA,Crotone,*,Crotone
SERIEA,Empoli,*,Empoli
SERIEA,Fiorentina,*,Fiorentina
SERIEA,Frosinone,*,Frosinone
SERIEA,Genoa,*,Genoa
SERIEA,Internazionale,*,Internazionale
SERIEA,Internazionale,*,Inter
SERIEA,Juventus,*,Juventus
SERIEA,Lazio,*,Lazio
SERIEA,Lecce,*,Lecce
SERIEA,AC Milan,*,AC Milan
SERIEA,AC Milan,*,Milan
SERIEA,Monza,*,Monza
SERIEA,Napoli,*,Napoli
SERIEA,Palermo,*,Palermo
SERIEA,Parma,*,Parma
SERIEA,Pescara,*,Pescara
SERIEA,Pisa,*,Pisa
SERIEA,AS Roma,*,AS Roma
SERIEA,AS Roma,*,Roma
SERIEA,Salernitana,*,Salernitana
SERIEA,Sampdoria,*,Sampdoria
SERIEA,Sassuolo,*,Sassuolo
SERIEA,SPAL,*,SPAL
SERIEA,SPAL,*,Spal
SERIEA,Spezia,*,Spezia
SERIEA,Torino,*,Torino
SERIEA,Udinese,*,Udinese
SERIEA,Venezia,*,Venezia
SERIEA,Hellas Verona,*,Hellas Verona
SERIEA,Hellas Verona,*,Verona
LIGUE1,AC Ajaccio,*,AC Ajaccio
LIGUE1,AC Ajaccio,*,Ajaccio
LIGUE1,Gazélec Ajaccio,*,Gazélec Ajaccio
LIGUE1,Gazélec Ajaccio,*,Ajaccio GFCO
LIGUE1,Amiens,*,Amiens
LIGUE1,Angers,*,Angers
LIGUE1,AJ Auxerre,*,AJ Auxerre
LIGUE1,AJ Auxerre,*,Auxerre
LIGUE1,Bastia,*,Bastia
LIGUE1,Bordeaux,*,Bordeaux
LIGUE1,Brest,*,Brest
LIGUE1,Caen,*,Caen
LIGUE1,Clermont Foot,*,Clermont Foot
LIGUE1,Clermont Foot,*,Clermont
LIGUE1,Dijon,*,Dijon
LIGUE1,Guingamp,*,Guingamp
LIGUE1,Le Havre AC,*,Le Havre AC
LIGUE1,Le Havre AC,*,Le Havre
LIGUE1,Le Mans,*,Le Mans
LIGUE1,Lens,*,Lens
LIGUE1,Lille,*,Lille
LIGUE1,Lorient,*,Lorient
LIGUE1,Lyon,*,Lyon
LIGUE1,Marseille,*,Marseille
LIGUE1,Metz,*,Metz
LIGUE1,AS Monaco,*,AS Monaco
LIGUE1,AS Monaco,*,Monaco
LIGUE1,Montpellier,*,Montpellier
LIGUE1,Nancy,*,Nancy
LIGUE1,Nantes,*,Nantes
LIGUE1,Nice,*,Nice
LIGUE1,Nîmes,*,Nîmes
LIGUE1,Nîmes,*,Nimes
LIGUE1,Paris FC,*,Paris FC
LIGUE1,Paris Saint-Germain,*,Paris Saint-Germain
LIGUE1,Paris Saint-Germain,*,Paris SG
LIGUE1,Reims,*,Reims
LIGUE1,Stade Rennais,*,Stade Rennais
LIGUE1,Stade Rennais,*,Rennes
LIGUE1,Saint-Étienne,*,Saint-Étienne
LIGUE1,Saint-Étienne,*,St Etienne
LIGUE1,Strasbourg,*,Strasbourg
LIGUE1,Toulouse,*,Toulouse
LIGUE1,Troyes,*,Troyes
